tweetid,sentiment
169760,1
35326,1
224985,1
476263,1
872928,0
75639,1
211536,2
569434,1
315368,2
591733,1
91983,0
67249,1
143459,1
663535,2
20476,0
815297,0
274098,1
30045,1
681487,1
708966,2
393689,1
186705,2
233977,2
525794,1
863649,0
315964,-1
588985,1
669979,1
137059,2
556915,1
951973,1
72939,0
205796,1
478581,-1
453375,0
555551,1
219030,0
546209,2
416919,1
433824,1
621526,2
616108,1
70943,2
153248,1
854719,1
616444,1
118418,2
846132,-1
443106,1
758958,2
376412,2
667731,1
222107,1
349545,1
284026,2
564727,2
522979,2
460970,0
371750,1
251299,1
485211,1
502976,1
623282,0
217605,1
225330,1
58854,-1
723671,2
366409,1
704565,1
655925,1
717618,1
922449,1
729885,2
599133,2
89885,1
249039,2
440750,1
18663,2
314549,2
643414,2
61835,-1
659073,1
178597,1
152298,1
581943,-1
781913,-1
336886,2
624852,1
655116,1
5591,1
731620,1
872882,2
320393,2
353463,1
816508,2
636325,1
53058,2
725589,1
693559,1
66255,1
218797,1
307092,1
188557,-1
137392,-1
597086,1
96006,1
330509,-1
78639,0
536231,1
304814,1
553696,1
455898,-1
745466,2
846719,2
722710,2
989172,2
492079,1
315869,1
32675,1
959684,1
641938,2
933443,1
458401,0
554994,0
461467,1
902353,0
178794,1
387356,1
380276,0
824355,1
685606,1
85488,0
50608,1
447977,2
943930,2
183083,1
359626,2
810128,1
380913,0
516209,1
993538,1
594772,1
22428,2
991876,0
504172,1
283272,1
914599,0
752129,2
701957,1
858489,0
221704,-1
409406,1
468372,2
818509,1
204729,1
394896,0
397593,1
465474,2
450344,1
502719,0
816499,1
291002,1
301225,2
402773,1
81233,0
642569,1
900041,-1
67900,-1
237131,1
311030,2
975455,2
69232,1
156024,0
268543,2
586693,0
709157,1
582003,1
689136,1
953619,1
971710,2
809619,1
595597,1
274499,2
771063,1
597739,1
110053,1
723442,1
881554,0
704923,1
822018,2
505322,2
120776,1
404757,1
811053,2
317696,2
734766,1
841196,1
400682,2
649511,2
740566,1
798359,0
861578,0
5417,2
609894,1
174874,2
227482,1
316886,-1
112798,2
44507,1
444423,1
878768,0
951095,1
970445,1
208227,1
545402,1
498559,1
454769,1
490905,1
343981,1
891649,1
794296,2
669149,2
104997,2
54711,1
756770,1
632633,2
882503,1
604089,2
37591,1
304290,1
167356,1
398680,1
268980,2
485450,1
246743,1
83632,1
804653,1
614272,1
699619,2
128361,2
617614,1
756863,0
550624,0
971913,2
597102,2
468901,1
512603,1
869,2
135515,0
471002,2
76054,1
835455,0
593722,2
209903,1
311687,2
38624,1
140169,1
50739,1
134179,-1
368885,1
955073,1
642519,1
849811,0
377434,0
61946,1
128149,1
545779,2
145812,1
839220,0
23630,2
631635,2
659284,1
636800,0
246233,1
224961,2
227170,1
24500,1
444613,1
173797,1
183700,1
305251,2
487336,1
521403,1
741971,1
171732,1
354162,2
572875,1
337961,1
39327,2
666488,2
686787,1
248289,-1
644357,2
106812,1
492300,2
929522,2
827492,0
92888,-1
748860,1
544547,1
970736,-1
805808,1
320551,2
210944,1
109631,2
251292,0
170364,0
948426,2
780776,2
693604,1
799998,2
373943,2
593149,1
264289,1
479344,-1
820909,1
492817,-1
831733,1
405413,2
685176,1
982870,-1
92655,2
929710,2
365298,1
597644,0
908494,1
532450,1
431470,1
261786,1
126953,1
157454,2
911863,2
968491,1
341684,0
868000,1
937870,2
196243,-1
749947,0
10201,1
861465,1
418775,1
561942,1
61831,1
224428,2
470738,1
694377,2
557591,1
504856,1
988980,1
811937,1
78955,1
166783,2
2520,1
268418,1
911873,1
380946,0
841067,1
760341,2
872864,1
833511,-1
795400,-1
947288,2
97754,1
848402,0
77036,2
280663,1
654324,2
105628,-1
227665,1
169839,2
334216,0
502105,1
174279,-1
193681,1
457324,1
562231,1
254480,1
432635,1
916814,1
217862,1
454694,1
512554,2
249736,0
979904,1
841942,2
141852,2
279014,1
511552,1
502057,-1
822243,0
586976,1
870627,1
809260,2
258979,1
342572,1
833715,2
63205,2
327,1
286773,2
831328,1
265516,1
988076,2
92963,1
813089,1
372840,2
460869,2
700900,2
54421,2
83811,1
932229,1
14731,2
416245,0
91717,1
37782,1
168950,1
791767,2
612474,1
863569,1
833620,1
831050,0
327186,2
70954,0
744906,0
410805,0
321290,-1
560166,0
199999,0
520958,1
486093,1
433768,1
170942,1
97769,1
574580,0
427983,-1
536786,1
64572,2
932658,-1
875904,1
388184,1
448406,0
280094,1
196585,2
297123,1
583405,1
749358,2
8540,1
92130,1
682459,-1
493774,1
81514,1
937131,2
683822,0
181932,1
185061,1
718905,0
467768,0
50360,1
37282,-1
324725,1
587613,-1
759085,-1
995304,2
62430,2
959472,2
134816,0
443799,2
84144,2
626595,0
382192,1
249680,1
209100,2
505060,1
510212,2
454150,1
900706,1
355447,-1
415557,1
431394,2
796461,2
551013,0
71926,2
260753,0
883406,1
973790,1
673020,1
573493,1
850799,0
596499,0
430720,1
970612,1
645141,1
122672,-1
572212,1
590281,2
185082,-1
643999,1
276142,0
522428,2
242869,1
859835,2
179238,2
830861,2
659715,1
742214,1
44768,0
156753,-1
689726,-1
659825,0
805236,1
484743,1
843791,1
401342,1
268165,2
450971,0
969588,2
493909,1
775367,1
102955,2
356595,0
860992,2
478186,2
235851,-1
859554,1
383555,1
568803,-1
522415,-1
493050,0
568528,1
371027,2
554560,1
969599,1
70097,1
898167,1
483103,0
773089,1
436540,1
214657,1
824653,2
132616,1
962166,2
357327,1
183595,2
338190,0
821753,1
782634,2
355771,2
102889,0
335544,2
417438,2
99418,0
774033,1
151834,0
573075,1
675187,0
488287,1
317596,0
848773,0
177318,1
743728,1
166017,1
668192,1
242646,2
572824,1
516374,1
569974,0
368987,2
35989,1
439267,0
425036,1
978741,2
161511,2
158819,1
225262,1
398562,1
940439,0
657384,2
348631,1
950221,1
390207,0
633050,0
45603,1
892219,2
763551,0
219247,0
78219,2
106376,-1
664990,1
61204,1
444521,2
162744,1
10394,0
107336,1
400960,1
157258,1
762553,1
398197,0
513701,2
450710,2
192494,1
376697,0
466375,1
600809,2
337306,1
597597,0
282282,1
619747,0
848426,-1
468720,-1
954154,0
544640,2
192358,1
768797,1
817583,1
864589,1
104220,2
725297,1
973859,1
942269,1
145192,1
965827,1
861437,0
296887,1
817495,2
273994,1
799474,2
177872,1
532392,1
770417,1
706812,2
193396,1
863034,2
967152,-1
948038,0
608126,1
412897,2
970466,-1
604868,2
94532,1
820173,-1
833762,1
604371,0
961064,1
419528,2
79982,-1
564369,1
489017,1
887262,1
402712,-1
963864,1
854765,0
331759,1
26332,1
238943,0
431614,2
329434,1
680680,1
39578,1
670432,2
371166,2
686203,1
118985,2
263823,1
275604,2
390449,-1
553573,2
159171,2
172630,2
867879,2
555667,1
107607,2
671813,1
29467,2
424298,2
247885,1
66440,1
794065,-1
383354,0
73974,1
597362,1
873587,1
755011,0
736998,1
117248,1
692018,1
813376,1
834684,2
546314,2
876985,1
207998,1
110340,-1
715656,1
88611,1
716533,1
269830,0
661339,0
96822,2
101833,2
548873,2
432375,1
963943,1
105738,1
814952,2
933283,1
476266,1
713154,2
729178,2
739461,1
46459,1
564711,1
9295,2
89381,2
997108,1
434160,1
632113,1
349480,1
981685,-1
891296,1
795819,0
22856,2
176472,1
760306,2
364909,1
593804,1
307467,-1
610642,-1
129662,0
569359,2
561862,1
423167,1
840583,0
683275,-1
190548,1
958471,1
740052,0
631040,1
976028,1
990527,2
58802,1
406698,1
166458,1
758638,1
864544,1
937863,1
839640,1
43118,1
554437,1
24114,1
594987,1
2994,0
983985,1
738824,1
578675,1
246789,1
459925,2
723464,2
939557,1
962770,1
432283,1
295172,1
354011,2
917171,1
368282,0
799357,2
218943,2
354686,2
180377,-1
979574,1
457365,1
855074,1
527673,0
785117,1
973760,2
928581,0
56229,2
489025,0
43190,1
563462,1
972585,1
593576,1
327139,0
615819,1
538945,2
967095,1
993681,2
568295,0
969003,1
644408,2
956047,1
525657,0
56665,1
617655,2
838447,1
931195,1
577981,2
870874,1
480174,0
695290,0
645362,2
475332,1
78586,1
792010,2
600177,1
579760,1
733217,1
130633,2
246139,0
83570,1
233932,1
65704,1
720328,1
182815,0
992508,1
582996,1
712952,2
217793,2
960416,1
387077,1
62147,-1
158157,0
16196,0
211659,1
368185,1
681044,2
368951,1
200078,1
947641,1
591630,0
60500,-1
257401,1
478713,0
735450,1
633125,1
610055,1
632978,2
365076,2
875539,1
758419,0
709088,1
768261,0
209509,1
127305,-1
121053,1
19558,2
801712,1
837454,1
541857,2
11629,2
10359,1
66175,1
23284,2
211731,1
32828,1
300306,1
798465,2
429350,1
96211,1
287991,1
580986,1
782530,1
446353,1
404665,1
971456,1
503290,1
675704,1
225076,0
593471,-1
481167,0
161297,1
270003,-1
411180,2
271499,2
672109,2
602150,2
575468,2
181408,1
161726,1
977902,1
788232,0
725006,1
722658,2
600224,2
793349,-1
451620,1
424135,1
88627,1
806009,1
192064,1
685562,2
284646,1
715307,1
883501,2
842439,1
33587,-1
730304,0
87268,2
494947,0
557924,2
351002,1
361958,1
624214,2
513910,0
506543,1
778056,0
357156,1
370081,1
880261,2
509403,0
580774,0
837095,2
560337,0
132783,1
304998,2
819879,0
849455,1
346200,0
625746,1
677462,1
107732,1
277516,0
119700,1
219147,1
773453,2
813113,0
121431,1
258442,1
15784,2
491379,1
767093,1
508244,2
711697,-1
78517,1
592053,1
723025,1
310230,2
751878,2
617843,0
265859,1
410288,2
708448,0
254072,1
791956,-1
515974,1
972791,1
330960,0
126876,1
316154,1
179087,1
586916,-1
70846,1
752225,2
404604,1
836527,1
678059,1
333311,1
74980,1
477908,1
506657,0
980875,1
805679,1
193548,1
818493,-1
625918,-1
215713,2
126166,1
709380,1
570628,2
898663,1
103967,2
934788,1
327499,1
953095,1
592527,-1
488806,1
531595,1
899135,2
661210,0
311285,1
956537,-1
536614,1
518252,2
101697,1
136250,-1
571656,1
614530,0
506382,2
990558,1
414640,2
757228,1
741160,1
80801,1
14077,1
44115,0
782491,1
141116,1
758470,1
111565,1
108937,1
333960,-1
495632,1
855633,1
387274,0
944823,2
676644,0
674904,1
706197,2
751823,2
534701,2
776680,2
856934,1
838992,0
73072,1
592976,0
120301,1
477557,2
331101,1
587789,1
106773,2
714124,1
772086,2
656418,1
372287,0
481477,2
938734,2
922926,2
339447,0
325978,2
42066,1
382638,2
16052,1
450371,-1
450653,1
299753,1
643564,2
975417,1
890333,2
759258,1
82004,2
187640,1
790339,1
760264,1
34404,1
387284,2
111495,0
263613,0
811478,1
615025,-1
709431,0
815398,2
429819,0
55201,1
918786,1
505250,0
811168,0
616510,0
810332,2
778191,0
644140,1
614087,1
350693,1
224411,1
187760,1
673695,1
624957,2
682615,1
674916,-1
404402,1
53072,2
48112,1
785837,-1
184816,0
230210,1
915999,0
376465,2
194186,2
106745,1
992715,1
274295,1
841614,1
855159,2
369248,1
400854,2
232119,1
770087,2
61801,2
582837,1
696188,1
710747,1
943396,0
943553,1
957958,-1
170910,1
680524,2
565587,-1
749902,2
748072,1
937512,1
130999,1
342929,1
406526,2
281624,-1
111021,1
898463,1
920547,1
300268,2
6377,1
150851,2
836682,1
975094,1
303263,1
469044,2
826563,-1
879918,1
803773,2
535044,1
129239,-1
123544,2
955118,1
763466,1
302824,1
970253,2
536636,1
225644,2
901410,2
976357,2
276425,2
698782,1
476182,1
560795,1
734099,-1
874279,1
528799,1
844516,0
42001,1
729333,1
910929,2
436637,0
539943,1
158515,2
913083,2
196246,0
312900,2
247152,1
621919,1
72893,1
989727,1
828411,1
231642,0
294532,1
322655,2
238643,1
226893,0
22945,-1
667052,0
330901,-1
893735,1
844155,2
598545,1
792602,2
81394,1
79720,1
450891,1
689110,1
603282,1
151774,0
427833,1
514030,2
450842,1
663940,1
289537,1
93580,0
999485,1
16012,0
602434,2
128526,0
567878,2
311040,1
397558,2
659249,-1
732039,1
257083,1
653366,2
764741,0
240417,0
941193,1
249928,0
355194,2
466127,1
986184,1
194736,1
193995,0
630191,2
467505,0
385475,1
537515,0
689188,2
629787,1
125791,2
873126,-1
634159,1
5824,2
626130,1
710596,2
739055,-1
584269,1
930286,1
803604,0
902313,2
365571,2
418391,1
260874,1
53754,1
406691,2
958946,0
135258,-1
349414,2
988959,2
954431,1
985836,2
698510,2
509363,2
625498,1
896827,1
393734,0
326465,1
856169,1
404748,1
330862,2
455496,-1
571982,2
298506,1
98423,1
660483,1
219919,2
967026,1
640859,0
574291,0
673739,2
490703,1
811513,2
357267,1
366205,1
47116,0
41555,1
666135,1
997640,2
381416,2
168327,0
492253,2
422735,1
667117,1
202823,1
10908,1
366599,1
394665,1
734589,1
210821,2
191243,1
435686,2
7931,2
331666,1
998608,1
598170,-1
981822,1
349039,-1
131708,2
440962,-1
719287,2
866736,2
793383,-1
486705,1
206701,1
812095,2
813429,1
300273,1
246003,1
357693,2
127689,2
554542,2
713892,1
855661,2
413022,1
204680,1
865502,1
70808,1
542694,1
521642,0
90760,2
599952,2
116224,1
781730,1
222272,1
520111,-1
470642,1
241795,1
585620,0
969978,1
800466,1
665096,1
59084,2
813349,1
312981,1
965523,0
921337,1
791417,1
472174,1
514550,1
418510,1
344814,2
555242,0
603943,0
996818,1
518736,1
194144,1
548422,2
781735,1
90786,1
3051,0
402995,1
224269,1
891634,1
661409,-1
776823,1
773037,2
716592,2
709740,1
230435,2
105775,2
277235,1
323839,1
485009,1
991522,2
421384,2
407930,0
499185,1
634042,2
281534,1
29564,-1
777475,1
73475,0
924278,2
945887,1
133825,1
750622,1
340947,1
477970,0
841038,1
331429,1
861934,2
117689,2
231985,2
452498,-1
147151,-1
402278,1
515529,1
816064,1
320416,1
674363,2
45153,1
294203,2
69149,2
892557,2
714218,-1
374533,1
799765,-1
406896,0
493645,2
77622,2
351139,1
598383,2
437099,-1
811260,2
289021,2
411748,1
834122,0
531633,1
138830,1
855031,1
621398,1
591179,1
665535,-1
625048,2
395927,0
819363,0
226513,1
230277,2
217668,1
646356,1
585846,-1
320140,2
7769,1
128883,1
930716,-1
52091,1
865029,1
678269,1
646896,2
151820,1
126071,0
390635,0
846830,2
903429,1
552575,1
51238,1
398685,1
442076,2
245264,1
1847,1
800950,1
236737,-1
371083,1
288557,2
645411,0
582358,-1
105065,1
105707,2
487304,0
966654,0
367823,1
649275,1
29185,2
172119,0
685650,2
173254,1
287735,1
97811,1
838235,2
254835,2
318905,1
259043,2
381017,1
649757,1
529954,1
663529,1
423720,-1
22777,1
766694,1
166583,1
282634,2
353764,1
461317,2
31680,1
998009,2
491318,2
970330,1
476860,2
415960,1
937064,1
935085,0
863837,1
166987,1
65621,1
486600,1
389265,0
151202,1
906908,1
98725,2
741135,1
184479,1
364623,1
289083,2
101465,2
877671,1
414975,0
819137,1
162715,1
889367,1
682050,1
468148,1
276721,1
809015,1
82904,1
629958,1
282539,-1
576641,1
721032,1
985863,2
351847,0
102182,1
432256,1
810959,1
339263,2
426325,1
634147,2
43694,1
693219,0
840612,0
292313,1
459823,2
458700,0
886294,-1
72399,2
838493,1
239467,1
966716,2
88590,2
270660,-1
612857,0
481502,2
953534,2
399293,2
325715,1
412226,0
817566,0
610516,0
921902,1
279576,2
164195,2
233989,2
650411,2
531313,-1
4333,0
643985,2
556079,1
362728,1
619584,-1
498930,2
711047,2
280183,1
710884,1
669728,0
873903,1
133051,1
580652,1
122184,1
297918,2
443350,1
942345,0
487311,2
624290,2
462841,1
682584,2
86801,1
614098,1
71036,0
603798,1
539219,2
571734,1
891254,0
16967,1
366465,2
468888,1
755956,1
854237,0
929586,1
972465,1
47414,2
237511,-1
473045,1
719760,2
3380,1
915945,2
746072,2
793658,2
718346,1
991582,1
186975,1
544544,1
598757,1
352182,2
799769,-1
285144,1
406272,1
92988,1
36673,2
558989,-1
261633,2
239960,1
938879,1
638143,1
162574,1
78388,1
966667,1
865944,1
972181,2
946851,1
214800,1
728032,2
600651,0
728584,2
706681,1
589739,1
450581,1
47561,1
401905,1
800981,2
589183,1
222534,2
357670,2
923142,2
497636,2
443455,2
730705,1
830855,1
255556,2
961712,1
589379,0
956735,1
216207,2
650019,0
606200,2
753836,2
847322,0
273226,1
83629,1
226734,1
788872,1
870974,0
591870,1
568912,2
789519,2
731488,0
244090,1
735125,2
764484,1
646717,1
31157,1
152232,-1
414280,2
587546,2
821756,2
373215,1
826764,1
733307,0
596788,1
57392,1
761256,1
586312,1
93389,1
93917,2
73551,1
165581,0
156791,-1
823794,1
63392,0
182207,2
829750,0
101290,1
639078,1
960964,-1
884242,2
333194,-1
180605,2
724302,1
464585,1
857134,0
289751,0
746574,2
5343,-1
477522,2
446879,1
546541,1
732463,2
380608,1
336640,-1
52477,1
194507,-1
538733,0
622382,1
758067,2
969245,1
6204,1
360927,1
733862,1
254831,1
312789,1
683632,2
698155,1
581241,0
685887,0
495618,1
98564,1
422534,1
378882,1
175872,0
135908,1
840249,1
37433,0
231996,2
573211,-1
703385,2
11101,0
819890,1
572492,1
120502,1
146930,1
913546,-1
808868,1
383788,2
629338,2
429250,1
327253,1
233323,2
754966,1
5107,0
285700,1
997597,-1
605325,1
181468,2
921776,1
131890,1
727491,1
407368,-1
720318,1
521215,1
699505,0
260605,1
4496,-1
162556,1
283270,0
631070,1
343853,2
195609,2
729294,1
342029,1
31305,2
974349,1
827385,1
110637,1
330981,1
716213,0
673772,1
533976,1
467243,1
671317,2
232183,1
489015,0
356158,2
988748,1
240002,-1
873392,1
345670,1
356761,-1
530584,1
177001,1
525148,1
347083,1
784269,1
420686,2
918830,2
550616,0
696228,-1
861731,2
677852,1
591361,1
962050,1
76649,1
832328,1
239449,2
467995,2
467450,1
127162,1
477381,1
58715,0
701473,1
893061,2
335217,1
909071,0
471885,2
164325,1
875446,2
366749,1
625267,1
805316,0
779520,0
967449,1
39093,2
306078,0
983065,2
106475,1
380508,1
236562,1
589848,1
741895,1
204042,-1
238985,1
468940,2
467571,1
86934,1
650045,1
334396,2
308397,2
435631,2
206312,2
565453,-1
250852,1
511144,1
985030,0
5045,1
962371,1
179695,-1
571674,1
708517,1
949891,1
451267,2
463572,1
527910,1
446310,-1
105414,1
18138,1
653784,0
331838,1
650762,0
826394,-1
164947,1
871573,2
737732,1
78892,0
950200,1
484870,2
382863,2
155451,1
361880,1
625561,1
675442,2
113514,1
19397,1
718093,2
428411,0
908602,1
595852,1
866548,1
516734,2
203690,2
457889,-1
42699,1
564817,1
519244,1
634222,0
851947,1
925224,1
776585,0
603969,2
848121,1
745737,0
706675,1
891427,0
311901,1
190297,1
782363,1
44291,2
370428,1
899174,0
144125,2
422237,1
554582,2
242199,2
232219,-1
224076,1
945898,2
564911,2
343688,2
371908,1
627574,2
180485,1
249763,-1
651375,1
660951,1
657758,1
237867,1
782819,0
791928,2
294609,1
850390,2
396547,1
142830,2
250983,2
443938,1
831490,1
418267,0
860398,2
763872,0
574726,-1
142336,2
213055,-1
455829,1
656699,2
171902,1
350128,2
714025,0
17420,1
44772,0
643168,0
704610,-1
820523,1
37607,1
680087,2
509948,1
938423,1
476346,2
617648,2
659939,2
510346,0
106516,2
187412,1
530662,1
969059,-1
233113,2
881485,0
396578,1
722776,2
69263,0
783056,2
29053,1
45878,1
845042,2
78628,2
899274,1
485857,2
914284,-1
590949,2
286808,0
449133,1
145375,1
769261,1
769524,2
968896,1
313839,2
775822,0
293312,2
495182,0
896063,1
2325,1
795486,2
135329,2
885345,1
703319,0
595781,1
243128,1
589175,2
473007,-1
145261,1
942956,1
524966,1
713766,2
440834,2
94839,-1
730063,0
120270,1
73612,1
432813,2
317254,0
149855,-1
588233,1
860852,1
762132,1
694699,-1
357323,2
617071,2
909332,1
460019,1
175290,1
845224,1
77234,0
337929,-1
846396,1
515567,1
365305,1
410068,2
123198,2
287376,1
799250,1
744900,2
505135,2
380314,1
272452,-1
164506,1
825234,1
959388,2
502275,1
663775,0
515364,0
29777,2
857998,2
930993,2
225367,-1
299046,1
54060,1
153537,1
77959,1
238755,1
913486,1
14443,2
604691,0
56693,1
397430,1
292158,1
263045,2
686702,2
111969,1
575864,1
592714,1
788130,1
283215,2
463455,1
84395,1
111750,1
930512,0
582792,1
172215,1
856082,2
788739,1
509947,0
407486,1
93916,1
49777,2
794018,0
448173,1
461282,1
44346,1
505510,1
782839,2
104045,1
568580,1
758553,1
53400,2
441214,1
953386,1
143711,1
120075,-1
215972,1
439116,2
186431,1
593449,2
607278,1
582945,2
922510,0
767792,1
795952,0
944860,-1
444063,1
865922,1
752668,1
977914,1
252208,-1
772954,1
254837,1
237616,2
371131,2
343754,2
449316,0
185570,0
47008,2
19133,1
375376,1
578099,1
763558,2
162367,1
690491,2
698617,1
620254,1
217118,2
232363,1
816170,1
449825,1
672636,0
179091,1
231038,1
291804,1
710495,1
553086,2
323962,2
581600,0
704427,1
438734,2
209379,2
415615,1
284806,1
310499,1
346116,1
771257,1
129670,1
532461,1
847765,1
541807,1
151102,1
301061,1
920481,-1
223008,2
804457,1
577544,2
724299,1
615253,1
414925,1
905949,2
633508,1
270235,0
560973,1
337725,0
307063,1
248899,1
693471,1
32083,1
581827,2
447640,1
862171,1
263238,1
177423,1
556777,1
814230,2
34166,-1
355856,1
961882,1
762704,2
602494,2
34702,2
715552,-1
355679,2
854686,2
171389,-1
820375,1
752605,2
923279,1
150302,1
444048,1
772347,1
707363,0
43036,1
31741,1
902354,-1
732442,-1
691266,2
115042,-1
522188,1
815935,1
621337,1
933944,2
545889,1
639168,1
655821,2
217577,2
988338,1
310934,0
384173,1
850427,1
614699,2
146362,1
58112,1
466658,1
798525,2
569963,1
434900,1
51794,1
373733,2
78426,0
591624,2
376278,0
881145,2
423932,2
154517,1
809256,2
592760,1
326267,1
557614,1
657699,1
792471,1
687325,1
184414,1
160393,1
846792,2
615738,0
988164,1
487047,2
469101,1
804088,2
981726,1
661325,2
395935,1
404054,1
336290,-1
458596,2
721106,1
837210,1
370613,1
123115,2
306643,2
666144,2
108718,1
319332,-1
579193,1
358166,1
141738,1
260609,2
581967,1
132595,1
488092,1
392202,1
315476,1
205530,-1
659291,2
436218,-1
90685,0
142415,2
24934,2
409382,1
920431,2
796763,2
845251,-1
388243,1
604797,1
152641,2
248936,1
938144,1
424611,1
329124,1
665784,0
640825,1
163428,2
556966,2
462236,2
940585,0
836959,1
203375,1
254557,1
980954,2
24797,2
281199,1
574766,1
887404,1
291525,2
649648,1
753473,2
305074,-1
328063,2
567452,1
195871,1
540520,0
875626,1
672918,1
17142,1
644643,0
558196,1
718420,1
941514,2
142228,2
114046,0
201727,-1
432369,2
387738,1
199691,1
180304,2
673181,0
146042,1
558321,0
486158,2
656852,1
746973,1
443873,2
946854,-1
206666,1
329798,0
494754,0
964787,2
992585,2
626550,0
338140,1
86710,-1
880166,1
461185,2
840127,1
909823,1
347835,1
41851,1
429019,0
822696,1
398282,0
939362,0
44160,2
193712,1
628281,1
489292,2
616565,1
347410,2
17963,1
76228,1
601837,0
569634,2
57381,2
120440,1
34596,1
28256,2
499154,0
352917,2
642374,1
597069,1
830957,1
317312,1
827075,2
588394,1
706639,1
182537,1
16854,1
443398,1
434602,1
554528,2
30214,0
171137,-1
875060,1
961114,1
246680,2
244205,1
552594,1
726305,1
354750,0
71830,1
345645,1
212044,1
200267,1
942846,2
174493,1
333002,1
146187,1
793908,0
496143,1
966647,1
323,2
803875,2
402047,1
534219,0
703000,0
671584,2
559320,2
188050,2
887516,1
645866,1
466328,1
415728,1
503003,-1
298164,1
633000,1
512067,-1
235641,1
343381,0
733240,1
136832,1
389026,0
852347,0
25002,0
294027,1
648266,1
810469,1
224435,1
952397,1
12004,-1
185013,1
486832,1
86045,1
133514,1
799864,-1
781356,1
866735,1
788791,2
907298,1
930620,1
580848,1
438124,1
400009,0
956741,1
748695,-1
831576,1
683218,2
531715,1
555874,1
672398,1
293081,1
506419,1
776853,2
857439,-1
860763,1
169809,1
410150,1
776743,2
830459,1
612043,1
247011,1
404518,2
997644,0
111741,1
921727,2
921922,1
349946,1
632649,2
10315,1
448017,1
561814,0
88851,0
317861,2
419424,-1
185650,2
931895,2
893553,2
159886,2
48509,2
697646,0
260134,1
958366,1
497671,1
890683,1
219061,0
50736,1
742031,1
431195,1
159717,1
641424,2
423512,2
229137,1
798844,1
693406,1
371036,0
211835,1
757133,0
937342,2
977747,2
333823,1
669775,1
260295,2
677043,1
477036,2
194820,1
833593,0
737103,2
838487,0
14362,1
433532,1
375715,1
274541,2
115978,1
905000,2
343053,1
168437,1
794305,2
149132,-1
255482,-1
786652,1
18795,2
261144,-1
2575,1
477704,1
645226,0
613988,2
141972,2
863542,1
922667,2
419431,1
960388,0
853322,2
622813,0
785330,1
810188,1
53815,1
818404,-1
747464,2
754308,1
128943,0
996229,1
964585,1
959469,1
354761,0
102989,2
67926,1
122021,1
549342,2
446441,1
196355,2
589487,2
70611,1
683684,0
978725,2
13287,1
809747,2
838185,-1
647188,-1
616174,1
754798,1
620739,1
644772,0
96841,-1
818549,2
24845,1
397713,2
924727,1
164077,1
442722,2
583077,-1
840571,2
415337,1
148578,1
239214,1
521908,2
947679,1
227844,1
701507,1
617736,1
509196,1
585430,1
839425,1
414230,2
916592,1
705572,1
282147,2
201741,0
464689,1
506099,0
315331,1
258435,1
910541,-1
394712,1
424092,-1
204080,1
744870,-1
644004,2
107636,1
661174,1
19909,-1
927163,1
358829,2
186937,2
98072,1
43449,1
996972,1
365705,1
27742,1
165638,1
419439,2
254018,2
980316,2
849752,1
601238,2
763081,0
767129,0
292040,1
800470,2
408830,1
902403,1
495974,1
97966,2
612358,1
601862,1
484009,0
24147,-1
545781,2
404273,2
459068,1
706804,2
570687,1
611072,1
985616,1
164701,1
599031,1
291016,2
871590,1
375923,1
625713,1
544267,2
597520,0
201908,1
779450,1
41388,1
324210,1
527518,1
995095,2
68508,1
645526,1
803925,2
310865,2
243590,-1
739831,1
838039,0
93918,2
115526,1
164262,0
727311,1
735220,1
468210,-1
689122,1
53596,1
799186,2
101084,1
30439,1
810252,1
821303,1
292964,1
302407,1
271892,2
732321,2
447410,0
803265,2
196513,1
365268,1
202213,1
325954,2
969878,-1
626863,2
549662,2
583897,2
81079,2
74615,1
390771,1
921683,0
260545,1
746062,-1
523766,2
369387,2
387902,0
407975,1
843647,2
668518,2
259924,0
823007,0
133194,-1
999383,1
844853,1
811166,-1
700248,1
312802,2
703577,1
842529,1
133240,1
637996,1
242561,2
970006,2
651603,1
339673,-1
675644,1
793976,1
162961,2
469570,2
681176,2
887401,1
891406,2
751950,-1
965377,2
773946,1
84122,1
845066,1
389748,2
837821,1
967629,1
864765,1
266087,1
41710,0
112134,-1
513080,1
452254,1
564272,2
876098,0
273845,2
343129,1
622330,2
296515,2
199651,1
265010,1
124863,-1
619557,2
500287,1
366450,1
626887,1
426254,2
535685,0
617761,2
616786,1
863271,1
516407,2
148449,1
849472,0
665945,0
479060,1
736724,0
288008,1
638394,1
779022,-1
951766,1
535506,1
202738,0
863224,1
870370,1
721194,-1
981141,2
252336,1
77169,1
68528,0
38903,1
256464,2
11425,2
898966,1
860813,1
873715,2
81184,1
106630,2
203802,1
904553,2
793878,1
727291,-1
659013,1
170414,1
545030,2
935399,0
720843,1
24407,2
368110,-1
503818,-1
556178,0
905326,0
337724,2
69700,-1
114542,0
160079,-1
903579,1
646349,1
161942,-1
598614,0
663644,1
329622,1
263883,1
296398,1
566777,2
158516,1
764934,2
404621,2
803119,1
610999,1
737690,0
312628,1
712615,2
188749,2
814343,-1
988637,0
880191,-1
280042,0
630479,0
46849,2
667139,-1
445425,1
136052,-1
811010,2
170283,1
900662,-1
493441,0
94212,2
753640,2
312169,2
202533,1
102614,1
619990,0
86350,1
63121,2
121852,0
600352,2
124929,1
75897,2
574497,1
24804,1
596222,-1
906004,1
539619,1
110125,0
448051,2
790726,1
822650,-1
381243,2
730979,1
936649,1
587095,2
612202,2
429050,-1
700694,2
851416,1
547091,1
51713,2
125090,1
81094,1
46987,2
10385,-1
660879,1
815867,1
182651,1
13152,0
612985,2
668026,2
286216,1
872878,1
346203,1
717045,2
118481,1
67795,0
965112,2
942456,1
49607,1
336321,-1
220175,1
218973,1
458027,2
932536,0
239165,2
473283,1
10468,1
965411,-1
733655,1
383468,-1
796762,2
184596,1
327092,1
158124,1
998269,2
332356,0
495084,1
610404,1
478417,0
599073,-1
476278,-1
433925,1
184487,1
899620,0
237593,2
637818,1
487541,-1
323186,-1
767342,-1
897943,-1
893076,2
227111,1
484479,1
142536,2
511856,1
486621,1
793118,1
350625,1
875997,2
520873,1
980231,1
486454,1
790783,1
119066,1
795590,1
703949,1
226753,-1
497219,1
133965,2
108181,-1
574156,1
510374,0
547861,2
154116,0
445954,-1
997533,1
624946,0
463357,1
912071,1
789575,0
733504,-1
921494,1
182771,1
577188,1
77565,-1
13576,0
850213,-1
233403,0
158376,2
42715,2
125277,2
794752,1
738883,1
646317,1
908688,-1
767328,1
771691,1
259880,2
825122,-1
884467,2
787682,1
609778,2
737682,1
908388,0
424425,1
323128,-1
628679,1
678862,1
838507,1
205713,1
681150,-1
7572,1
941573,2
274509,1
684872,2
370024,2
291351,1
155280,0
493518,0
955736,1
475150,1
814784,2
934550,2
236229,1
868776,1
724046,0
948949,1
383876,1
131974,2
986064,-1
428108,0
926841,1
494582,1
781163,1
92910,1
486,1
491939,1
53227,1
800250,1
253165,1
31100,-1
457211,0
164443,1
646128,2
26297,1
641969,1
593800,0
256579,-1
805014,0
418189,1
640885,2
497723,2
627483,0
654700,0
237079,1
432087,1
572031,1
962862,-1
73015,2
308754,1
686614,0
620529,1
342626,-1
875135,1
135651,1
566883,2
708737,1
771565,1
146085,0
713094,2
540959,1
824998,2
387636,1
6977,-1
581176,0
272574,1
312899,2
405772,-1
423226,2
15617,1
73801,0
581076,0
763519,0
916909,-1
646077,-1
551261,2
182472,2
180047,1
986479,2
238659,1
76266,1
98479,1
177204,1
298152,2
328729,1
297260,1
567264,1
329437,1
985621,1
789426,1
246326,2
933736,1
378617,-1
254499,1
174922,1
312720,1
568863,2
903966,1
730989,1
191303,1
261053,1
179969,1
411209,1
293338,1
224041,2
627912,0
763334,-1
769155,1
93337,-1
802385,1
42183,2
407596,2
368054,1
618952,1
648741,1
877147,0
996306,1
154289,1
333682,0
746454,1
504683,1
455348,1
744762,0
153848,1
429721,1
460217,2
622753,1
925836,2
140313,1
498154,2
848278,0
694120,1
614569,1
511015,0
56117,0
97915,0
684968,2
290122,0
896238,1
105501,1
155182,1
243396,1
425069,1
3804,1
92161,1
360732,-1
850932,1
20149,2
695895,2
972635,2
986282,1
568549,0
434652,1
507521,1
263473,1
267646,2
149939,0
274077,2
776304,-1
370879,0
404861,1
204227,2
819486,1
142966,2
818701,-1
274044,1
665722,1
421305,1
704236,2
349774,-1
635513,1
652424,1
146233,0
676332,-1
696485,-1
474898,0
939207,1
135234,2
4494,0
678001,1
505970,-1
656254,0
552023,1
561933,0
885448,1
284977,1
455946,1
891808,2
349787,-1
598581,1
327527,2
631112,1
780626,2
617439,1
778454,1
411141,1
694508,1
451340,2
200823,-1
252827,1
997245,1
593241,1
150780,2
701541,1
342006,1
182752,2
597528,1
979212,0
730965,1
705732,2
852885,1
567968,2
58159,1
485485,1
270505,1
221568,2
261639,1
493242,1
988625,1
127890,-1
582873,1
596848,1
653100,-1
681574,2
228139,2
121922,1
941781,1
169175,0
253167,2
715413,1
15656,-1
825086,1
207315,1
823519,2
369940,1
359076,-1
802295,0
44252,2
230042,1
663144,1
235342,-1
948529,1
649033,1
622688,0
500735,1
295382,1
982200,1
349178,2
395381,1
544107,1
538241,2
591984,1
45181,2
708342,2
950412,-1
118586,2
833509,1
694880,2
501069,1
537327,2
736909,1
777838,1
14607,1
198247,1
532727,1
971954,1
506983,-1
740265,2
628974,1
273978,1
890446,0
555626,-1
266376,1
555259,0
605751,2
642647,1
8695,1
288654,0
420856,2
822637,0
495623,2
444782,1
598329,1
581704,2
274996,1
185975,-1
6500,-1
4922,-1
314724,1
864689,1
890303,-1
298217,1
58759,1
665061,2
711365,2
53886,0
639109,1
955199,2
56403,2
986454,2
725929,2
308560,1
63259,2
893580,2
910594,-1
635622,1
332270,2
230361,1
970928,1
987005,1
599243,1
415291,0
353090,2
571695,1
442038,1
766968,1
572932,1
770249,2
380515,2
308454,2
870967,0
35630,1
809561,2
51932,1
937854,2
845936,1
48136,1
337375,1
129260,2
651061,-1
949433,0
38474,0
780400,1
900148,1
717361,1
315768,-1
1094,1
371575,0
334703,-1
347301,2
333023,0
760539,1
986393,1
113410,2
533841,1
646375,1
208765,1
874552,2
581056,2
564133,1
238576,0
771517,1
569298,1
362439,-1
313524,-1
453646,1
267618,1
552103,1
922833,1
161548,2
547728,2
882173,1
196745,1
329376,2
561279,1
152362,-1
577289,0
569331,2
797033,-1
697697,-1
705751,2
780961,0
607260,0
56078,1
233570,-1
900516,1
526766,1
950781,1
445119,0
299523,-1
700364,1
638191,1
746929,2
585971,2
568079,2
102283,1
154483,1
870534,1
367520,1
483579,2
846473,1
863386,2
448491,2
879144,1
661533,2
778544,1
26334,1
568606,2
694622,1
176767,2
787826,1
765977,2
79002,0
628012,1
468570,1
989146,1
458415,2
677605,1
896052,1
689114,2
743964,1
562549,-1
609521,2
769546,-1
936010,0
28321,0
907350,1
15176,2
619727,1
755696,1
659339,2
868242,2
878577,0
27645,-1
94375,1
96253,1
106662,-1
927688,1
174681,1
5808,-1
562069,1
697588,1
323681,2
767676,1
23872,1
901914,1
940000,1
152867,-1
174045,1
952247,1
420045,1
219993,1
384450,2
284022,2
281768,1
969999,2
692396,2
566712,1
397080,1
400965,1
553873,1
314655,1
210043,2
66392,1
888438,2
42015,1
155936,-1
456964,0
100619,0
165244,1
918091,0
225368,1
809620,1
543287,1
858075,1
342041,2
501333,1
688842,1
259862,2
844239,2
939482,1
851282,1
782419,1
156502,-1
411451,1
778098,2
748621,1
991104,1
429100,1
242868,1
383918,1
665976,2
464303,1
136987,2
210063,0
931052,1
726315,0
430258,1
366927,-1
303238,1
485960,0
300485,1
486143,2
487258,0
86791,1
483979,2
557002,1
651130,1
240130,2
854919,1
126330,0
959514,1
669369,1
906463,1
251017,1
17936,1
275097,2
973737,2
398175,1
549419,1
830932,-1
62153,1
836743,0
688979,0
467710,1
786829,2
475922,1
756330,0
129546,2
283112,1
177141,0
27227,1
991302,0
769041,2
982553,1
882621,0
953530,2
834944,-1
561470,0
384297,1
521834,2
878776,1
800561,2
332192,-1
626665,1
720978,2
471603,1
840316,2
270413,2
666499,0
934904,1
750005,1
370595,1
93511,1
389325,1
285464,0
537960,0
523402,1
453346,1
286755,2
735544,1
737829,-1
866869,1
887135,2
539693,1
912791,1
32937,1
607228,1
678005,1
547998,-1
111384,2
135862,1
585961,1
851295,0
876430,1
161949,1
265741,1
469560,0
625147,1
843557,2
246532,1
397532,1
363915,2
535584,2
195696,-1
432742,1
45471,2
147931,1
351920,1
728240,2
15379,2
138964,2
406562,1
673979,1
6599,2
3316,2
963207,2
292792,1
715826,2
901330,1
658591,2
700745,2
684686,2
585044,1
72912,2
292080,1
775106,1
429183,1
79809,1
710041,1
359322,1
558178,1
883974,1
796425,-1
792125,1
603149,1
412743,1
899120,1
77176,1
48054,1
744133,2
792380,1
450463,2
923478,1
825217,2
92054,0
455204,1
166549,-1
864815,-1
736961,2
495799,0
988766,0
440864,1
7273,1
114016,1
713565,1
713129,0
681654,0
633587,1
489731,0
71236,1
954902,1
608676,1
841621,1
938387,-1
96791,0
336255,2
654234,0
568095,0
297199,1
63520,1
146672,-1
156613,1
209688,1
233240,1
635250,1
818370,1
250804,1
472432,-1
526619,1
932140,1
678223,1
499800,1
94093,2
975989,1
546488,0
823328,1
83230,1
613657,1
465639,2
37735,2
508126,-1
338723,1
216769,1
924616,-1
128444,1
781378,0
161766,1
629937,0
448114,2
337455,1
928110,1
348665,1
925085,2
350345,1
255901,2
798119,1
649555,0
678457,1
127945,2
306053,-1
429997,0
84686,-1
178031,0
433817,-1
727081,1
92555,2
736073,0
684291,1
208436,1
631966,1
632170,2
552169,1
700411,0
398682,-1
864408,1
791122,1
311939,1
212992,2
439770,2
888670,-1
246648,1
52909,1
185340,1
954861,1
312141,2
779676,1
501230,1
655913,2
869690,1
692291,1
7733,-1
323305,1
522534,1
255257,2
342294,2
336712,0
847143,0
958883,2
32011,0
645444,-1
591370,0
921487,1
213184,1
191035,1
486019,1
967576,0
485397,-1
274091,1
971373,-1
80530,2
441388,2
219687,2
589095,1
717337,2
309919,2
624761,1
538959,0
933506,1
255735,0
960885,1
547227,1
955114,1
490235,1
30625,2
344466,1
352351,2
91361,-1
644448,2
321910,2
294122,1
502744,1
450547,1
952430,1
917415,-1
546639,2
498408,1
19737,2
89008,1
401448,1
117558,0
713838,1
52888,1
692934,1
211232,1
738012,-1
430717,1
429013,1
622733,0
175296,-1
208540,2
341637,1
980407,2
747972,2
10675,-1
413483,0
492601,2
440868,1
179308,2
850302,1
994884,-1
280069,2
225213,2
383465,0
495245,2
457142,2
918082,2
850665,2
119798,1
197624,0
419286,0
66539,1
937594,1
458056,0
391586,1
537905,1
940773,1
63636,0
350290,1
399262,1
879570,1
242644,-1
360419,2
702569,1
195816,-1
757711,2
927763,1
709644,2
713965,1
645834,2
917740,1
102859,2
302987,2
533731,0
989796,-1
998974,2
238041,2
849413,2
277751,2
42975,1
243718,1
993297,1
162328,1
341635,1
650311,2
244956,1
203918,1
474921,0
111066,1
706768,1
701078,1
469942,0
396077,1
930734,1
769160,1
324,0
685392,1
195255,-1
132265,1
232617,1
671491,0
24200,1
670870,-1
187081,0
740680,2
183014,0
1002,1
437581,1
13562,-1
525771,1
484704,1
435190,2
563240,1
980945,-1
71688,0
43993,1
674237,1
609692,0
994995,2
17950,1
660705,1
488065,1
718541,2
789782,1
774504,-1
942387,1
913856,1
68822,1
498872,1
282396,1
607114,1
293524,1
67727,0
926215,1
237135,2
13937,0
105223,1
989572,2
548324,2
565886,2
319852,1
958100,1
343719,2
731863,1
603466,1
119608,2
692785,1
764412,2
853757,1
822612,2
400706,-1
506377,1
676465,2
528708,2
426419,0
540054,2
912100,1
274630,2
554174,2
905680,0
418450,-1
418141,1
307012,0
890324,2
682705,2
379783,2
843593,2
22034,2
616085,1
672236,0
440264,2
162520,1
571452,1
178299,2
187726,0
162956,2
650239,1
285695,2
62508,-1
601101,1
888833,0
452911,0
532091,-1
647934,1
205997,0
376530,2
491158,1
670340,1
63710,1
373166,2
123762,2
949504,2
282697,-1
796241,1
968995,1
114369,1
505454,-1
804838,1
254338,1
357839,2
356216,2
27874,1
985071,1
718353,2
10863,1
519963,2
398011,-1
858431,0
781976,1
647740,1
509315,1
180805,2
153440,-1
721700,1
665905,1
425155,1
592618,2
604000,1
706419,1
626332,1
675525,0
35335,2
879999,1
695422,-1
282559,-1
347486,0
237897,0
83693,0
434463,2
936349,1
467990,1
339981,0
998342,0
769234,2
812406,1
325242,1
274653,1
141806,1
239144,1
537273,1
147807,0
207974,1
357314,1
789590,0
752831,1
719483,2
717031,0
744804,0
912022,-1
541124,1
999263,2
986822,1
397991,1
819649,1
917021,1
742017,-1
68689,1
233448,1
391815,1
625916,1
602874,1
384242,2
248317,2
597775,1
505736,1
830762,2
268977,1
169209,2
674056,1
303834,2
893012,1
950264,1
155098,2
643801,-1
37382,2
239109,0
811745,2
307324,2
651589,1
728961,2
995965,0
32617,1
345264,0
670510,2
187322,1
643839,0
656403,1
407063,1
456801,2
279241,2
173656,0
140144,2
695410,1
342379,1
904821,1
102149,-1
315058,1
443380,0
328359,0
822742,1
363827,0
369444,0
15004,0
425757,-1
795670,2
994106,1
521233,1
629606,-1
428345,1
376182,1
557421,0
351678,1
566520,1
951080,1
431383,2
164681,2
711690,2
487536,1
12892,1
93856,1
616594,2
55340,1
977890,0
767055,1
449932,1
916728,0
116029,2
385866,1
560183,0
264529,0
410097,1
759381,0
846166,0
975978,1
73908,1
564366,0
218212,2
774290,1
468930,1
692526,1
425303,1
907670,1
345212,1
686682,2
130895,1
78847,-1
813529,1
512340,2
643621,1
492385,1
105981,2
106267,1
395551,0
133092,-1
62304,1
773877,-1
261474,1
2066,2
880642,1
168822,1
291414,1
518500,1
474278,2
250041,2
369792,2
549105,2
735919,1
415660,1
390548,2
586365,0
801663,1
21444,2
429715,1
485778,1
353052,1
39102,1
874377,1
582519,2
714029,2
562887,1
161206,1
242518,1
333341,0
526794,2
862925,1
964831,1
141282,-1
642970,-1
437390,-1
251594,0
3947,1
782071,-1
876155,1
518691,-1
571034,1
57352,-1
444558,1
44613,2
583126,1
516278,1
599097,2
144626,1
362282,2
465505,0
781993,2
840724,1
385584,1
332709,2
913766,1
49767,0
416908,2
607640,1
642312,1
66809,1
55451,1
776252,2
146193,1
839366,2
579210,-1
597687,-1
619476,-1
414013,2
380700,1
896367,1
334698,1
314624,1
991473,1
549413,1
242209,1
969368,2
348883,0
418492,-1
470540,1
458378,1
109266,1
796016,1
146189,-1
908598,1
305829,0
150626,-1
314295,1
785092,1
349953,1
315604,1
719053,2
625475,2
904281,1
864899,2
98191,-1
393935,1
976682,-1
115902,2
714477,0
904871,1
40002,1
196167,0
876677,2
639041,1
658238,2
118538,1
585684,1
212373,2
439871,1
372248,1
808291,1
740677,-1
286600,1
39137,1
242134,2
789533,2
974607,2
121892,2
925466,1
659381,1
71947,1
619589,0
538261,2
401624,1
592687,2
770681,2
655254,0
803295,1
770982,2
841939,2
773430,2
910369,1
529946,1
453960,1
199412,1
928138,-1
89026,1
936076,-1
48194,1
543968,-1
428811,0
199176,2
308647,-1
472164,1
14347,2
792863,1
730475,1
302030,1
729730,1
355810,2
520559,0
116986,-1
242175,1
214431,0
627510,1
372797,2
821047,2
859883,2
184039,1
575649,1
406507,1
208568,1
371985,2
440835,1
647629,2
897754,0
802877,2
254620,2
306648,1
80762,1
65253,2
221872,2
655251,1
400521,1
899111,1
213627,-1
32882,1
127013,1
296021,1
246508,2
881303,1
877621,0
913736,2
28168,1
616816,1
337927,0
60850,2
382625,1
306424,2
125916,1
887268,1
646241,0
833300,-1
640993,1
185928,1
723717,2
161924,-1
653426,2
326871,1
23219,2
694941,1
511624,1
713841,2
757148,2
233609,2
481699,1
788178,2
258840,-1
180910,1
143846,-1
397187,1
735956,1
697066,0
398754,1
159756,1
583833,1
347170,1
840626,-1
976083,-1
936082,1
707118,1
230817,1
647480,1
886880,1
669722,2
89211,1
965203,1
205053,2
792494,2
810157,-1
244378,2
953700,1
823363,-1
643295,1
844388,-1
111866,1
891158,1
658186,1
376161,2
733882,1
524949,1
754796,0
747068,1
260344,1
341280,1
833793,1
456224,1
942777,2
813648,1
703664,2
454700,2
774633,-1
713981,0
439771,1
877051,1
557810,1
999361,1
541390,1
843489,2
864943,-1
624938,1
672160,2
651084,-1
657393,1
730399,1
507652,0
836399,2
231,2
141372,1
67600,1
486188,2
788413,2
163707,0
175537,1
899924,1
387467,0
300294,2
263648,1
546601,1
208409,2
988785,0
460408,1
596290,1
152927,1
330596,1
813049,2
29924,1
966487,1
211780,2
934971,1
396644,0
389863,2
151900,1
529295,-1
197911,1
795755,2
826090,1
10291,-1
827586,2
342303,2
467556,1
237893,2
182715,-1
523321,1
363106,0
23004,1
928252,0
391847,1
675665,0
348827,-1
729449,1
232059,1
171354,2
161420,1
920419,1
125728,2
529144,1
38443,1
923595,0
281501,1
755722,1
34877,1
948297,1
655292,0
624662,1
617813,2
872665,1
251854,2
836359,1
798768,2
922488,1
446131,-1
711942,1
132672,1
117315,0
786925,1
88937,-1
841709,0
764509,1
263838,1
903611,-1
135121,1
144821,2
632162,2
360173,0
448103,2
678866,0
415234,-1
724647,1
665309,2
957065,1
224939,1
133760,-1
402953,1
647958,2
973496,-1
211487,-1
970549,1
322361,1
758055,2
34105,1
684967,0
167784,1
645719,1
183603,1
644988,1
417921,1
634015,2
855655,1
364166,1
818184,1
637913,1
584433,0
54701,1
417381,1
883513,1
518360,1
599938,2
638621,-1
961715,1
697302,1
167532,0
65065,2
872916,1
199128,2
977732,1
387630,2
42462,2
349811,1
534173,0
785799,2
403726,2
504476,2
32252,2
440593,1
892685,1
536460,1
806307,2
670875,1
681122,1
781879,1
247068,1
112810,1
603763,2
340383,1
401550,1
397696,1
292460,1
46055,1
922725,-1
420119,2
345844,2
495305,1
575462,2
353591,1
697999,0
645309,1
775388,1
616411,1
137885,-1
451960,1
789115,1
477120,2
471531,1
643397,1
981119,2
905720,1
527327,2
214262,1
764356,1
285265,1
109031,2
889920,1
918544,2
345862,-1
626861,1
407425,1
112891,1
892965,-1
500622,2
359206,-1
132398,2
141932,1
27158,1
312699,1
641045,2
548793,-1
614023,-1
195809,1
462314,0
505590,-1
475827,0
347787,2
246778,2
974119,1
585186,2
76203,2
637597,1
999983,2
465780,1
735013,1
290151,2
347870,2
446311,1
408612,-1
196509,2
129739,1
624840,-1
806364,0
616197,0
376651,2
568226,1
51453,2
646773,0
462459,1
932633,2
420183,1
992903,2
968742,1
345859,2
890862,2
674121,2
268219,1
7655,1
497236,2
186163,1
706987,0
128531,1
315675,2
746780,-1
968654,0
252133,2
53344,1
933095,2
161392,0
694317,-1
682757,1
583969,0
230320,2
927233,-1
702609,1
449579,2
52493,2
275488,1
308521,2
960368,1
275530,1
833217,2
800449,0
244138,1
642606,2
370237,1
36966,2
12748,1
465047,1
688977,-1
843598,1
790157,2
242160,1
628826,-1
446288,1
322424,0
803087,2
634079,2
825627,1
961667,1
33808,1
198272,2
990123,2
469488,2
463957,1
880361,0
584773,1
374553,1
183275,0
113375,0
190844,-1
795230,0
444102,0
259635,1
497056,-1
205201,1
830570,2
177632,1
874661,1
204768,1
426709,1
666101,0
728666,0
622683,2
539304,1
490246,0
862832,1
91092,2
629284,2
581779,-1
767922,1
207825,1
488877,2
290673,1
587933,1
12343,2
991667,-1
366178,1
990370,2
345018,1
900182,-1
23133,2
813652,1
155474,2
265814,0
976781,1
853893,2
125784,1
722067,0
203641,2
455687,1
21780,1
739736,1
663336,0
669160,-1
99220,2
736519,2
162533,2
272392,2
809568,1
408446,1
293618,1
614427,1
448949,2
434123,1
694186,-1
480120,1
343589,2
595575,1
880717,0
302744,1
631761,1
706535,1
121619,2
177940,2
94004,2
300637,1
324458,2
336980,1
3151,0
390611,2
336024,-1
811013,0
920143,0
824716,1
453544,1
368830,1
556824,0
744397,0
647697,-1
539985,1
399389,1
715168,1
784741,1
117318,2
568817,2
377392,0
111643,2
8723,-1
262101,1
551225,1
377121,2
388278,2
387855,1
396758,1
821375,1
307577,2
11874,1
152947,1
373196,2
681799,1
195033,1
470515,1
542193,1
786188,2
952036,0
782706,-1
232723,2
443670,1
685079,2
276015,1
373750,0
956265,1
847491,0
511736,2
301549,0
491260,1
502197,2
972927,2
740869,1
519113,1
573875,2
858962,1
528969,1
570551,0
883034,1
169392,1
269695,2
47454,0
391822,1
628083,1
644328,2
436950,1
26551,2
647139,2
179680,2
363692,1
483048,1
540983,1
788092,1
205106,1
785011,1
33426,1
338299,1
240223,2
514220,2
767021,1
458376,2
871950,1
648034,1
302254,2
638987,0
543051,2
518964,2
205963,1
895438,2
838812,0
396598,1
9385,0
53503,0
857881,1
899149,1
983942,1
717325,1
193613,2
287333,1
242144,1
966042,-1
167148,0
3451,0
223188,1
571929,0
484537,1
261371,-1
333480,1
717182,1
18369,1
239212,1
713047,1
896499,1
19234,2
576063,1
865976,1
865858,1
214133,1
7500,1
461792,2
909060,1
896636,2
923236,1
363209,0
943350,1
23718,0
732753,2
436406,1
226552,1
995707,1
860633,1
283389,-1
828750,1
750985,1
10691,1
968989,2
283169,1
479441,1
49000,1
895112,1
89198,1
731498,1
873492,1
748686,1
493732,1
666504,1
291794,0
591070,1
399545,1
898448,1
655033,-1
653524,2
933765,1
98740,1
701254,1
460181,0
750030,1
745890,1
633094,1
885609,1
642211,1
893929,1
233330,0
187583,1
1778,0
468742,0
757706,1
197401,0
145207,0
969010,-1
93645,1
262801,2
874333,1
593952,0
874815,1
792528,2
96606,1
104081,1
951844,-1
240191,1
741518,0
490704,0
787476,1
356997,2
804006,1
873876,1
623346,0
987897,1
914419,0
412157,1
2028,0
605102,1
749238,2
307392,0
397422,1
338237,1
80541,1
449512,0
294833,2
413620,2
387693,1
450373,1
589886,1
516932,1
581483,-1
346955,2
734933,-1
288357,1
303455,1
224575,1
576795,2
15284,1
573941,1
919384,0
719494,1
24551,2
183366,1
336178,-1
634250,2
609196,0
974078,1
839965,2
232062,0
924312,1
575336,1
124851,2
806164,1
732761,1
500599,1
412117,2
906349,2
913803,2
393406,1
189856,1
310554,1
919892,2
569801,2
817363,2
440342,1
720834,1
406014,0
142478,2
759688,2
371839,2
628608,2
488708,1
498562,1
43007,0
466461,2
103442,1
685532,0
488405,1
681057,1
353092,-1
284569,1
395034,2
366099,2
577799,1
854121,1
264258,1
349261,1
122095,2
910800,2
638147,1
101951,2
309070,0
570235,1
59157,0
669686,1
558941,1
51268,1
991319,1
514870,0
52275,1
44216,1
326352,2
930456,1
837886,1
425286,-1
354627,2
590555,-1
540462,0
981998,1
135020,1
981661,1
805343,1
776590,1
700547,0
575771,1
810435,1
107181,2
122281,-1
556956,0
77126,2
290670,0
517369,0
808687,1
114203,0
15842,2
102935,1
23002,1
404865,2
567081,1
211891,2
619002,1
684757,1
179146,1
935520,1
824330,1
150637,0
119377,0
768227,1
149919,1
669199,1
185722,1
336736,2
544432,2
461608,1
543004,2
34682,0
92880,1
215890,2
888835,1
181401,-1
189154,1
872090,1
845259,1
218304,0
567409,1
399514,1
672209,0
4403,1
445740,2
464276,2
886163,0
187666,1
160670,1
285723,1
272753,0
170877,1
698764,1
132467,1
39110,2
606934,1
17095,1
13523,2
462723,1
389239,2
587505,0
690523,2
253146,1
167461,1
716193,1
754194,2
937593,2
795201,1
941129,1
951756,1
541050,0
676119,2
383346,1
318732,1
177261,1
374551,1
335242,-1
669156,1
147257,-1
631258,2
577768,1
556221,1
172964,1
767518,1
905221,-1
937706,1
676551,0
411028,0
968883,2
65085,1
974176,2
281304,2
860156,2
885791,1
174569,0
674895,1
70824,1
604290,1
927676,1
731245,1
143452,1
342692,2
871087,2
761613,1
798311,2
635795,1
700014,2
791049,2
279700,1
507646,1
444407,1
465916,1
134834,1
852541,1
962364,1
176463,1
992510,0
975849,1
420299,2
704863,1
421447,1
935240,1
461836,0
819440,2
419330,1
535890,2
841407,1
826224,0
546860,1
624360,1
587419,1
389504,-1
860824,2
793887,2
945522,1
436399,2
797196,0
642292,1
258901,2
233757,2
875599,2
860413,2
922066,1
719718,1
667210,1
954662,1
593300,0
491493,2
943128,2
670317,1
550089,2
152533,0
725903,2
685530,2
679978,1
247717,1
803475,2
776944,0
232693,1
752730,2
526205,1
831699,1
739965,2
251342,1
718512,1
816966,0
903146,1
891315,1
787078,2
21589,-1
322283,-1
867456,1
22847,1
520018,1
767439,1
808874,1
257679,0
635476,1
336477,-1
398328,1
386898,0
559407,2
658452,2
64700,0
636423,1
906223,1
773709,2
441850,1
133043,-1
553119,1
632138,1
320905,0
975115,0
38430,1
733245,2
384813,0
464528,2
786000,1
684182,-1
221073,1
965970,1
691400,0
691422,1
63149,2
94816,1
613499,-1
910979,1
50617,1
529874,1
144763,1
477049,-1
718864,-1
799336,2
429124,0
16399,1
389891,0
803662,1
45923,-1
260020,1
780749,1
618441,0
139969,0
723808,1
188951,2
609927,1
98321,2
513818,1
943916,2
847508,2
425538,1
231808,1
618984,1
810170,2
952783,1
310439,0
955627,-1
201714,2
253507,1
336728,1
739980,1
652034,1
786046,0
338331,2
978337,2
559940,1
930566,2
619635,-1
44405,1
436944,0
609023,2
888451,2
565182,1
230971,1
966471,1
633801,1
596337,2
434014,1
876617,2
60545,0
971322,2
634921,1
851954,1
717758,1
421679,2
890281,0
665551,1
356135,1
963332,2
574829,-1
81371,2
603906,0
468076,2
659606,1
97195,1
493580,2
880721,-1
96026,0
252046,2
856130,1
472832,1
209090,0
609183,1
514259,0
681249,2
25872,-1
408169,0
905925,1
459544,1
913419,2
71764,0
92104,1
74545,1
870533,0
393229,1
686549,1
299868,2
725140,1
661441,2
474203,1
242949,2
179621,1
537577,2
847478,1
884263,1
793221,1
819944,0
490010,0
939135,1
323575,0
893288,-1
116830,2
362231,2
471844,1
176547,1
565202,0
329502,1
638907,1
614055,1
51534,1
945333,-1
122940,0
469138,0
880749,2
778694,1
104364,-1
368719,1
193727,2
665192,2
565739,2
343223,1
279885,1
892105,1
140680,1
790521,1
412336,2
445997,2
779795,2
681616,1
367686,2
506370,2
132168,2
759108,1
607329,0
833214,1
989639,1
381419,0
152267,1
84283,-1
983881,0
657049,2
460356,1
700177,2
724623,1
269340,1
535460,1
552058,1
163554,-1
243130,1
943320,0
931056,2
574005,2
321998,1
313038,1
651974,2
744160,0
911544,1
28314,0
420118,2
865942,1
782992,2
175154,1
65902,1
787883,2
791692,-1
207757,2
976442,1
758755,1
867625,1
607007,1
938596,2
994970,1
528695,0
534510,1
661942,1
715352,2
786120,2
840591,1
649191,1
229841,1
783682,0
218198,-1
446581,1
936827,0
152582,1
728227,1
11920,2
622280,0
735540,1
9279,1
757282,1
904522,0
347211,0
820479,2
756206,1
678920,2
440259,2
559157,2
406889,0
388681,1
88041,-1
854980,1
922520,-1
213898,1
145369,-1
860687,2
680519,0
321220,1
882331,0
907463,1
335976,2
622805,-1
349122,2
324368,1
581146,1
455964,2
160166,2
580239,-1
18671,1
716376,2
979435,0
252476,2
838635,2
846835,1
981163,0
236535,1
927987,-1
710593,2
610576,1
758414,1
18822,2
424206,-1
154236,0
729958,1
407521,1
824810,2
554576,2
996125,1
508149,1
280895,2
110710,1
583480,1
667841,1
949978,1
396471,-1
837179,-1
737124,0
294524,2
641827,1
416947,1
515505,2
588319,2
604614,2
446458,0
37360,2
704078,2
544705,-1
63842,1
901931,1
269577,1
138417,0
426497,2
674947,1
247478,0
209270,1
992108,2
255923,1
972520,-1
942975,1
664932,2
799405,2
937887,2
173729,0
485359,1
134379,1
760079,2
398627,1
32929,0
299783,1
44735,1
728497,-1
183312,1
94753,1
14623,2
353731,2
297818,0
713609,-1
362414,1
34025,1
704233,1
579173,1
591696,1
315835,-1
270023,0
926733,1
30642,1
665957,2
28337,1
417278,1
50742,1
358351,1
200711,0
389793,1
454424,1
717217,2
294907,1
198716,1
606121,2
970000,2
398295,1
849951,1
971806,0
500923,2
307702,2
960324,2
645317,1
29213,2
477346,1
299162,1
544515,2
880298,-1
612332,-1
766985,1
361680,1
302664,0
200394,1
447949,0
99648,1
928859,1
83796,0
925802,0
294633,2
303648,2
314580,2
572088,1
200392,2
641822,2
385091,-1
556789,0
203724,-1
296730,-1
916865,1
435206,1
797442,2
586862,1
544527,0
342507,0
159414,-1
873750,1
240786,-1
912315,1
430947,1
502009,1
406685,1
783825,2
994307,1
826534,1
958248,2
965880,2
641657,1
250465,2
447013,2
855359,1
807064,-1
986805,-1
461201,1
488707,-1
895905,1
801388,2
34910,1
242159,0
45534,2
976055,1
937872,0
838818,2
590122,2
21289,2
762446,1
164145,1
397452,2
95291,0
870694,0
419126,2
314286,2
951661,1
187089,1
375759,-1
679611,1
422353,1
886918,0
678095,-1
839278,1
379592,1
738080,0
336714,2
1816,0
657388,1
683321,1
477660,1
223453,1
421643,1
43719,2
381965,0
294032,-1
109220,1
874526,-1
440019,1
927947,0
574554,2
128567,1
378707,2
592854,2
456458,2
962041,0
750953,1
52542,1
122796,1
187289,1
265431,1
828671,1
244357,2
753421,2
204521,1
14384,1
938581,2
739493,2
272480,-1
293270,1
407620,1
221779,2
700583,-1
491385,1
648006,1
271260,2
68436,0
7675,2
820467,-1
957518,1
192926,0
970423,2
960163,2
458966,0
644790,2
85869,0
775140,1
802518,-1
110473,1
640417,-1
280223,-1
494357,-1
174044,1
731471,2
3723,2
3202,-1
549109,0
873234,2
580874,-1
56879,1
608787,0
151713,2
457952,0
155514,2
572568,2
471996,1
749681,2
85658,0
509974,1
45633,1
163316,1
168820,0
540509,0
203774,2
589068,1
930997,1
327726,1
673125,1
470462,1
275391,1
723919,1
446680,2
141194,2
583867,2
302930,2
757862,2
649240,1
551327,1
162535,0
715022,1
356711,1
279120,2
564,0
121545,1
242286,1
625921,1
216342,1
534568,0
173469,1
451677,0
565007,1
858239,2
707167,1
581249,0
833702,1
14926,2
448775,1
864201,1
15881,2
57888,2
525539,2
672859,2
297051,2
413953,0
20613,1
783978,1
44946,2
739146,1
242763,0
427532,2
482620,1
338775,2
963222,1
853096,1
178136,2
507896,2
872710,-1
756649,1
427921,2
236300,1
472843,1
585050,1
722000,2
652221,1
157054,1
758676,1
842465,0
212791,1
695776,-1
699957,2
232164,1
517116,0
930064,1
576283,1
265567,2
17842,1
798939,1
168339,2
106814,-1
825225,1
360538,1
612554,1
853657,0
98480,-1
177484,1
777232,2
768047,1
881405,1
671404,1
329427,1
184153,1
859092,-1
456205,2
280330,1
203075,1
272683,1
102279,-1
251364,-1
691018,-1
171437,2
584523,2
352915,1
938918,0
118705,2
362862,0
162835,-1
684924,1
192051,2
302733,1
338757,2
964326,1
84507,1
785363,1
504198,0
232387,1
169990,1
191543,2
746266,1
389694,1
202010,1
693828,2
234488,0
933815,1
536804,1
568070,1
757915,2
214113,1
430081,1
219191,2
154202,0
265504,2
192317,2
231203,1
921692,1
582394,-1
103419,1
469177,2
67327,-1
409807,2
576187,1
550239,1
648313,1
375610,1
288718,0
661607,2
440008,2
937627,1
721289,1
287145,0
281673,-1
886513,-1
407091,2
42518,2
742525,1
118175,-1
339939,2
746758,2
47529,0
750212,0
162028,0
937194,1
491132,1
474018,1
361042,2
799826,1
513377,2
329632,2
994041,1
721268,2
93850,1
610899,2
418447,2
502706,0
910420,1
103571,1
338728,2
143979,1
908115,1
224771,1
203179,0
784900,1
795672,2
197824,0
158701,1
863844,1
678273,2
291587,2
380473,-1
144028,1
296369,0
100221,2
353354,1
74660,1
359734,1
593537,1
461573,0
787803,1
498737,0
700957,2
504538,2
736901,2
651995,-1
853083,1
582931,1
356177,1
140282,1
615437,2
59916,-1
358757,1
144672,1
239716,1
661831,1
795858,1
124164,2
129832,1
112460,1
242681,1
160144,1
422103,2
546746,-1
219843,2
151006,1
190868,2
994821,-1
531825,2
35242,1
858151,1
432143,2
12320,-1
831941,-1
584499,-1
524383,-1
795138,1
152972,1
703808,0
620420,2
465164,2
384067,1
231989,2
946557,1
154720,0
948569,2
435694,1
300631,1
702259,1
881456,1
870399,1
997972,-1
662440,1
733984,1
578706,1
232381,1
20967,1
277542,1
191551,2
11712,0
729970,-1
937412,1
515785,1
27412,1
626724,1
718433,0
467242,1
127677,1
515849,1
962814,1
73851,1
448294,2
388958,1
88600,1
815016,1
342255,1
315500,1
397781,1
497256,-1
900685,1
895026,1
837882,2
857718,1
645914,0
429221,-1
733705,1
644143,2
168585,1
823781,2
732801,2
484639,-1
144983,1
558804,1
78602,0
509354,1
59464,1
702425,2
194139,1
354470,1
697242,2
959223,0
925997,-1
964409,1
552441,1
704720,2
637471,2
392090,2
429352,1
418244,1
212699,1
433115,1
596894,-1
744616,0
700389,1
499577,1
939324,1
444327,1
899081,1
562893,1
430444,2
590926,-1
301275,0
341119,1
629890,-1
292105,2
598093,1
578681,2
450187,0
806371,-1
377791,1
552683,1
310662,2
493968,1
213428,1
323918,1
659778,-1
931821,1
466144,-1
485827,1
576534,1
880020,1
983767,1
307996,1
901703,2
787373,-1
488684,1
138535,2
116502,1
418892,1
695046,1
601032,1
260117,0
84408,1
438427,1
260358,0
564732,1
727187,2
126996,0
166715,0
941101,2
963211,2
206732,1
754664,1
991119,-1
573773,0
733913,1
324298,2
286589,-1
452072,1
574560,2
582553,1
387930,2
106633,1
209318,2
247440,1
645123,2
632243,2
41005,1
510964,1
126015,2
925313,0
946901,1
645629,2
568781,2
966168,0
164600,2
76245,1
54719,1
7509,1
434728,0
68985,1
889229,2
617853,1
230037,1
598028,2
934017,1
204685,2
275992,2
365621,0
71091,1
972408,2
109470,1
79549,1
362284,1
87027,1
7240,2
703452,0
145197,2
1945,2
712767,2
511943,1
228503,2
675038,1
850882,2
157092,1
993050,2
190667,1
56081,-1
320095,1
124432,1
929212,1
770494,2
759292,1
726964,1
355876,1
932500,2
251875,1
147687,2
124352,0
567215,1
47328,1
384546,1
714132,1
744069,1
904328,1
174271,1
946120,-1
340483,1
280836,1
44911,2
438926,1
502640,0
613771,0
295236,1
651182,1
113815,0
70411,0
770580,1
425733,1
952906,1
859485,2
567060,2
533881,1
470525,1
848469,0
568784,1
877185,-1
168726,0
587093,1
987387,2
342669,1
725378,2
487075,1
344476,2
332836,0
767844,2
262960,1
71648,-1
529828,1
980495,1
389168,0
981338,1
795799,1
976940,2
96321,0
41753,0
194110,1
504128,1
780124,1
356023,0
398872,1
345019,2
776169,1
359849,1
311294,1
618627,-1
155605,1
397357,-1
880594,1
282389,1
8701,1
646950,1
701935,1
867236,1
169205,1
677356,1
551956,2
239983,1
829555,2
90918,1
604275,1
172579,1
9475,1
924591,1
676803,-1
715117,-1
795553,1
672587,0
273880,1
29004,0
596291,2
594134,2
684013,1
262766,1
332492,0
33218,1
511329,0
626443,0
76165,1
210055,0
145456,1
131138,0
864046,1
226831,2
641620,0
121792,1
593310,1
998283,1
366049,1
790955,1
484959,1
518884,1
444593,1
285948,1
262411,0
544648,1
181962,1
29667,0
101815,1
484679,2
165310,1
991755,-1
753084,2
645827,0
797101,1
652094,1
415350,1
988696,1
254341,0
619928,-1
733556,1
874389,0
889535,1
18492,1
212156,-1
446936,2
99337,1
366122,2
857685,0
752290,0
784519,1
841029,1
818114,0
391759,-1
218217,2
514458,2
725621,2
277280,0
960351,0
497022,1
673763,2
576817,1
113307,-1
623916,2
650738,2
647394,0
764007,1
732898,1
391659,1
175838,2
467890,1
648786,0
192616,-1
280107,1
231690,1
760479,2
220087,1
27968,2
435534,2
906542,2
682632,-1
807456,1
985511,1
531101,-1
405436,1
477213,2
440967,2
334834,0
906815,0
478680,1
184856,1
527493,1
562159,1
244745,1
642003,2
357986,-1
46480,0
49925,1
979680,2
662792,2
75837,1
943024,1
576033,1
345642,2
634597,1
743366,2
573632,2
292228,2
843750,1
510205,2
709542,1
228488,1
922831,1
579403,1
395851,1
440675,0
714011,1
679588,0
154261,1
701991,2
78214,1
807282,2
668050,1
734739,-1
385189,1
413920,2
651019,1
255286,-1
258396,1
931784,2
79989,2
628610,1
439993,1
898414,0
681341,2
150769,0
710936,-1
616628,1
811994,1
556747,2
843257,1
99188,0
427006,1
97899,1
706552,2
717134,1
920814,1
583327,1
738594,1
506262,1
63123,1
929360,1
741854,2
305707,1
837793,2
742000,2
918334,1
956244,1
493656,2
155104,1
598173,1
693350,1
858955,-1
648396,1
381704,1
761694,1
880806,1
227080,2
623268,1
983828,1
802279,2
987980,1
211241,2
265042,2
174321,1
461455,0
399200,2
52238,1
619713,1
219773,-1
276473,1
868018,2
758458,0
929280,1
589155,1
266361,1
914494,1
560119,1
486451,-1
881623,1
219667,-1
380317,1
221371,1
37074,1
713540,2
548241,1
611865,1
987116,1
322192,2
216069,1
629946,1
13575,1
811195,1
265187,1
664758,1
682704,2
403445,0
254631,1
616375,-1
772787,-1
964612,1
126727,1
804398,2
904502,2
771068,1
996118,1
48173,0
210227,-1
236789,1
70995,1
706649,0
785152,0
905971,1
895249,0
637993,2
626143,0
181536,-1
462251,1
146057,2
186483,1
955391,2
627421,1
677657,2
109807,1
2354,0
596661,0
697797,2
449687,2
89035,1
934819,0
474445,2
499061,1
222175,1
816137,2
958446,2
451394,1
988130,1
39619,1
531092,2
970953,1
6685,0
57260,1
339478,-1
854673,1
391664,1
105187,1
489312,2
605384,-1
345792,1
498080,1
442883,1
366507,1
268424,2
548053,0
816356,1
319790,2
406053,2
749147,1
860970,1
848457,1
163149,1
133966,2
800062,1
702964,2
44870,1
370116,1
264,1
691694,2
386234,-1
622990,1
761421,1
550240,1
18557,1
880977,1
900311,1
290640,1
834981,-1
805937,-1
5660,1
937229,2
602273,0
756623,2
314251,2
859126,0
625840,1
628722,1
31683,1
637301,0
861106,1
962504,1
413768,0
509887,0
252731,2
795288,-1
710479,2
174945,1
579830,2
229717,-1
144271,2
379189,1
290199,-1
200446,1
128390,1
699939,-1
108841,1
312441,0
864148,2
950584,1
961196,1
685323,1
805401,2
698939,1
814000,1
58299,1
23273,-1
995061,1
676193,2
546056,2
655182,1
69773,2
587608,1
17138,-1
280642,1
371093,0
779346,2
818106,-1
318382,1
767509,1
777623,0
107387,1
130632,1
187272,1
566063,1
286832,1
63870,2
128230,1
197323,2
716749,1
957299,1
274019,1
203658,1
191203,1
267003,-1
716822,1
375666,2
823132,-1
377725,1
18572,1
356855,1
105902,1
827866,1
478653,0
349139,2
68048,1
635269,0
363713,1
87799,1
915713,1
609213,-1
1868,2
777800,1
574642,-1
858064,1
638221,0
480115,0
596549,1
573227,0
667910,1
269505,1
681429,0
980390,0
904230,1
261374,1
889016,1
1873,1
427871,1
574530,1
602979,1
347948,2
282595,1
412481,2
380725,1
63535,1
734774,0
179529,1
633917,-1
894682,2
158195,2
763806,2
848639,-1
194609,2
865198,0
565875,0
496725,2
953477,1
630968,1
737186,1
526033,1
404501,0
558384,1
904548,1
328893,1
455263,2
411075,1
370060,1
116665,0
432933,1
608567,1
908282,1
66979,1
599838,2
543212,1
885689,2
443882,2
876929,0
887643,2
624540,2
34911,1
580022,1
198211,1
630440,2
542738,2
871903,0
716228,1
406230,1
668064,2
314274,0
257686,2
101227,2
25290,2
375891,2
34010,1
40365,2
853758,2
788125,2
213338,1
180139,1
55654,0
834951,1
627875,2
251339,2
440126,1
272326,2
644600,2
398471,1
802594,2
573749,1
52505,2
434584,1
438631,2
427939,1
915148,1
860272,0
368060,1
774835,0
354242,1
570617,0
70495,1
135174,1
682907,-1
372076,1
367591,0
815570,2
629181,1
829720,1
221249,0
819991,1
237193,1
541924,1
27354,1
91111,0
182572,1
84978,1
353319,2
760882,0
166329,2
640783,1
328610,1
7783,1
610090,1
880345,1
259391,1
254046,0
483168,1
634613,2
794011,0
864337,1
804186,1
188819,2
133114,0
302105,0
879752,0
536387,1
193423,2
657857,2
380045,-1
594314,-1
570237,1
670097,2
918209,1
837336,1
74832,1
599202,2
345439,2
597691,0
623359,2
154926,1
543345,0
47506,1
968726,1
417810,2
143490,1
378655,2
946596,1
35342,2
622888,-1
832165,1
192832,1
97549,1
495487,1
766048,1
939033,1
138800,2
228761,1
574754,1
626985,2
433348,1
192355,1
963107,-1
999981,1
617958,-1
952959,1
959362,1
192609,1
66246,1
358555,0
813493,1
382756,1
199914,2
266290,2
553116,1
993994,1
660130,0
589516,1
46337,2
514759,1
162622,2
644185,1
739106,1
971561,1
659698,2
151215,1
416432,0
769917,-1
788844,1
492700,0
425952,1
235477,2
527302,2
958454,1
602185,0
532355,1
421607,1
479614,2
438859,1
543088,1
462257,2
590371,2
10969,0
589424,-1
464478,1
429596,-1
798448,1
23909,1
376272,1
923193,2
823747,1
457355,1
347052,1
66502,0
299715,1
312547,1
826591,2
230066,1
907342,2
185909,2
964603,1
652858,1
673484,1
659850,1
325061,2
91808,0
123801,2
513943,2
860175,-1
815056,1
486326,2
855450,0
240653,2
757775,-1
650557,2
610842,0
399725,1
348551,1
83045,2
70637,1
237678,1
222133,1
865701,0
68152,-1
767679,-1
389088,0
575093,2
755276,1
125235,1
117833,0
850199,1
665252,1
354103,2
85482,0
96215,1
420392,1
836749,1
96112,1
442655,2
493632,2
250104,2
431638,1
260943,1
28195,0
228403,1
434759,1
609858,1
726626,1
836744,0
387382,2
566453,1
43761,1
815572,1
127076,1
350807,1
37942,1
367769,2
374290,2
181464,-1
806379,2
61948,-1
531906,1
658791,1
322278,-1
901920,1
963328,-1
405596,1
11922,1
74085,1
616402,2
280716,2
798339,1
133412,1
739578,1
480835,0
529150,1
174969,2
278166,-1
773548,1
737855,1
410542,2
211669,2
423622,2
708256,1
448983,0
186031,1
169019,-1
101779,2
650180,1
926550,1
138491,1
391450,2
934166,1
697839,1
720023,1
971780,2
748213,1
926054,1
308665,0
210959,0
757381,1
519967,1
517695,-1
828619,0
786684,0
654141,2
26799,1
291929,2
482170,1
853745,1
300939,2
510814,2
167713,2
265139,1
155267,1
228872,2
384335,2
813193,2
38282,2
183876,1
720812,1
109534,1
259492,2
246290,-1
763749,1
642286,0
867952,2
8216,-1
320110,2
21464,0
310567,0
615005,2
53859,1
297063,2
264190,1
443998,-1
757742,2
754862,2
725854,0
890956,1
321055,2
634254,1
235754,2
558955,1
65287,0
484377,2
10455,-1
286352,0
113454,1
461270,0
488570,1
887186,2
758368,0
814188,1
8804,1
919559,0
902551,1
836655,1
259266,1
843290,1
89878,0
177737,1
709915,0
538854,1
916160,-1
226541,1
138347,1
189907,1
835957,1
2453,1
288234,2
892628,1
347594,-1
235588,1
468709,-1
475853,1
508767,1
141974,0
505807,1
966179,-1
800564,2
897987,1
566665,1
31082,1
893407,0
497793,2
271869,0
952902,1
249204,1
425573,2
857643,2
970991,-1
820814,-1
771165,1
522475,1
134378,2
208843,2
781292,2
488788,1
56755,1
677231,0
430403,1
492666,1
690704,1
86820,2
729700,-1
910595,1
627411,1
544675,-1
236936,1
707145,1
723320,0
534852,0
585851,2
789872,1
489844,-1
626956,1
520654,2
466279,2
615839,1
340614,1
578623,0
986836,1
699946,0
491981,2
302985,1
821321,-1
872096,0
83112,0
916902,2
74318,2
41781,1
108426,2
540514,1
350015,1
504130,0
569630,0
48076,2
582428,1
678581,2
933542,0
204455,2
483251,2
101551,1
596456,1
98551,1
136985,2
378502,1
661017,1
631081,-1
397495,2
429301,1
653053,1
873776,1
85162,-1
721865,1
142098,2
957871,2
885270,2
63750,1
258944,1
86728,-1
70534,0
790364,1
643306,0
298528,1
240070,2
445578,1
678471,1
112618,2
838761,1
604353,1
355764,2
829347,2
157025,1
528161,0
439782,1
412030,-1
764877,-1
53914,1
197159,-1
87861,1
626983,1
852887,1
130659,1
532269,2
721124,1
207930,2
555759,0
971279,1
303159,-1
507693,2
465871,0
934290,2
182683,1
825197,2
436717,-1
866022,2
113016,-1
244750,0
502527,1
162559,1
463464,1
763405,0
18702,1
238567,2
704788,1
651389,-1
744950,2
129143,1
384556,1
76106,0
256890,1
520293,2
889555,0
746129,0
427951,2
731007,0
429288,2
20860,1
993045,1
176478,0
895762,1
569333,0
212305,0
725658,0
728982,1
933352,1
484356,1
255786,1
829635,0
334593,1
188684,1
815072,0
442122,0
36020,1
421230,0
627623,1
980821,1
781008,1
645631,1
163845,2
949415,2
284280,2
961923,1
138561,-1
935550,2
832262,1
712116,2
713337,2
784039,1
702165,1
738465,1
132050,2
499967,2
367567,2
623626,-1
825528,1
375901,1
810713,0
712277,1
102007,2
187527,1
378155,2
634492,1
675346,1
901159,1
466180,1
915897,2
804521,1
145454,2
178673,2
617471,1
875322,1
129150,-1
622678,1
21744,1
704991,1
519115,2
380592,2
268542,1
291316,1
338268,0
239293,2
531330,0
300066,1
50540,1
113908,1
585990,2
752092,1
79291,1
347916,1
864940,0
7787,0
629207,2
575917,1
432436,1
597885,0
173756,1
867822,1
278415,1
528119,2
118755,1
356576,1
748080,1
51429,0
698409,1
388085,0
307283,0
704405,1
812733,1
717339,1
293579,1
406738,0
228132,-1
286368,1
577734,1
135143,1
620854,2
369683,1
323400,1
417301,1
436059,1
721249,2
773767,2
333656,1
568768,2
43272,1
938568,-1
172948,1
983276,1
803312,1
76720,1
511620,2
512613,0
984860,2
95573,1
850914,1
482213,2
269621,2
193531,1
595368,1
107866,2
469303,0
818727,2
635858,2
965686,0
299643,1
624867,1
304109,1
88015,-1
26930,1
764165,0
830407,-1
533945,2
832256,1
730474,2
142120,2
52465,1
970804,1
415836,2
605423,0
472333,-1
248830,2
47690,1
816723,1
278217,1
204745,1
100347,1
17989,1
385330,-1
659215,1
575962,2
41877,1
147107,-1
12509,1
873931,-1
961460,1
991948,2
882799,1
597075,0
397560,0
922131,1
516390,-1
36679,2
355749,2
111961,2
333377,1
519677,1
292196,-1
200571,0
532693,1
696374,1
36398,2
963871,0
760952,1
507103,2
243383,1
51662,2
788143,-1
193781,1
102407,-1
76051,2
41988,1
29210,1
733080,2
985373,1
872691,1
49560,0
198799,1
601351,0
767895,-1
88166,0
272120,0
761653,1
439734,0
225986,-1
271947,1
20794,1
172350,1
93349,1
207577,1
193393,1
919838,2
303267,-1
215238,2
753001,2
860932,1
731781,0
772579,0
945782,1
565594,1
668399,1
187894,2
24733,1
127237,0
57546,1
813037,-1
365946,1
486202,1
226177,1
83339,2
475772,0
733562,1
672377,2
325473,0
960228,1
338453,-1
303865,1
984308,1
176390,2
110266,1
723823,2
713426,1
65837,1
959568,2
259915,2
414319,2
734239,1
951585,1
991551,1
538053,1
159032,1
760242,1
511303,2
205139,2
713411,1
404299,1
520934,2
962258,1
589683,1
879487,2
595853,2
893537,1
510701,2
506168,2
935401,1
172217,1
107737,2
843898,1
75963,1
792583,-1
788850,1
171453,1
721682,2
504393,1
457122,2
967876,1
778564,1
384288,2
918649,1
932202,0
596826,1
533476,1
510491,1
542316,1
994967,1
19929,1
600094,2
415619,2
954438,1
68040,0
621500,0
219085,2
511936,1
24310,-1
92102,2
606534,0
71316,1
680063,1
322709,2
489062,1
508651,1
727703,-1
4932,1
962717,1
261801,-1
235490,0
526141,1
464597,0
402932,1
874966,1
38647,-1
874952,2
45839,1
11704,2
415601,2
62116,2
857982,1
270552,1
916824,1
195763,1
580302,1
746004,2
21524,2
756045,2
291523,1
168193,0
951740,1
719914,1
221414,2
46653,1
682720,2
358950,1
287098,0
98062,2
129794,1
881908,-1
346851,2
420600,1
496637,1
184565,-1
806189,0
309088,1
377531,1
767728,2
366827,0
268773,1
434121,-1
416182,1
768348,2
451039,1
141243,0
400389,1
984894,2
844684,-1
413599,1
366303,0
934357,0
710000,2
76567,1
273418,2
169343,0
158615,0
568416,2
529243,1
951670,1
163851,2
111020,0
222806,1
504194,1
403341,2
409964,1
164886,1
575926,-1
50353,2
511508,-1
824922,1
306457,1
791734,0
320087,1
389556,1
7867,2
266834,1
297246,2
972720,1
832558,1
973815,1
121239,1
173190,1
347349,1
801067,1
554970,1
942489,1
318547,1
433231,1
214255,1
964352,0
296345,2
369301,2
786938,1
248151,1
706539,-1
243277,2
1848,1
988928,2
829412,1
876162,1
983975,2
920807,1
857409,1
642964,2
740115,1
287561,-1
65414,1
115578,0
996029,1
530221,-1
390917,1
879745,1
664859,2
29179,1
329827,2
76057,1
815249,-1
516224,1
879490,1
870513,-1
447999,1
282117,1
551584,1
896735,1
378299,1
362462,1
817340,2
339234,2
384300,1
372535,0
481501,2
22762,0
485119,2
960924,2
1286,1
484608,2
96406,0
119877,1
704187,1
639303,0
226794,0
466728,0
267290,2
197811,1
192879,0
541183,0
268167,1
222652,2
389701,1
778178,2
899742,2
611148,1
412287,1
154379,1
337433,2
4992,1
952134,1
614950,1
433589,1
431329,2
973104,2
345041,1
9154,2
159443,2
328167,0
410690,1
560172,0
475421,1
693871,2
765176,1
473084,0
948517,1
614570,-1
240361,2
179722,1
221023,2
147626,1
82010,2
660216,2
954078,-1
201149,2
362596,2
306287,1
480623,0
83287,1
860488,1
659668,0
443467,1
401669,2
605414,1
411340,1
6215,2
34173,1
927611,1
417370,2
829063,-1
955137,2
974180,1
513478,2
63637,2
3608,1
143481,1
279637,2
12633,1
91354,2
456539,-1
103459,1
724466,1
917465,-1
677645,2
625671,-1
368134,1
418287,1
830297,2
850990,0
99241,1
713539,1
776332,0
611692,2
378145,1
692646,1
551222,1
41841,1
676647,2
964118,2
829668,1
416481,1
585188,1
119077,1
122135,1
541838,2
176060,0
864487,1
751214,1
219125,0
660479,2
490868,-1
826967,0
129768,2
750892,1
720402,0
453224,0
704902,1
796499,2
533138,0
751954,1
654466,1
379806,1
584321,1
21580,2
628187,2
604103,1
324896,1
403714,1
679294,2
288757,2
885811,-1
87060,0
226855,2
208873,1
385795,1
36354,-1
231516,2
898881,2
439774,1
41702,0
697039,1
118268,1
230412,2
401943,1
317235,2
190442,0
324957,1
211902,2
719624,2
422031,1
941377,0
125441,1
242012,1
242306,-1
342079,1
656786,2
665159,1
449945,1
879883,0
749307,-1
66606,2
635824,2
810058,2
281353,0
708472,1
819973,1
867318,2
608853,1
972226,-1
800498,1
793922,1
198481,1
252111,1
325911,1
485103,1
672238,0
18275,2
144361,1
995474,1
392717,-1
308265,1
39492,0
69444,0
12457,1
212664,1
816340,1
606236,2
194914,0
216293,2
303599,1
343159,1
206331,0
524269,1
434114,0
86292,1
987282,1
562537,2
404732,-1
764897,1
816811,1
377492,1
46126,2
637184,2
432808,2
314173,1
515732,1
838114,2
66701,-1
621746,2
266646,1
560557,1
793372,2
913750,2
139199,0
420137,1
292903,1
651987,2
157858,0
270569,2
362026,2
443999,2
588978,2
211628,1
609004,1
482845,1
598339,1
943724,0
794232,0
272594,2
899087,1
429784,1
760840,1
28149,0
808742,1
150908,1
768682,1
820329,1
173226,2
259838,-1
368871,1
855825,0
786513,-1
156853,2
789157,2
5991,1
734105,-1
30992,0
467775,0
111368,1
973179,1
861404,2
95859,2
640918,2
222268,2
715936,1
615609,0
964807,2
950784,0
754178,0
897363,1
389753,1
968374,1
610718,2
821120,2
792286,1
306378,1
944027,1
672988,2
926873,-1
576218,2
614007,1
548378,-1
768017,-1
654397,1
235861,2
391370,1
186071,2
824006,1
663965,2
823710,1
378005,2
730502,2
314573,1
385871,-1
434233,1
802739,-1
521973,1
875614,0
307688,-1
331041,1
901681,1
465021,0
247820,1
203128,0
229310,1
227668,1
970187,-1
948579,1
240077,1
792835,1
541891,0
376905,1
420718,0
462840,0
88860,1
83832,0
739920,2
787253,1
105649,0
4602,1
765248,1
112884,1
732506,-1
666883,2
539233,2
715698,-1
694079,1
6025,1
422546,2
926173,0
303801,0
179173,2
339152,1
225522,1
277373,1
413184,-1
607498,0
811297,1
72944,1
868808,1
668850,1
394292,2
222476,2
571858,1
676920,0
171213,1
231952,1
644763,1
711281,1
329512,1
351285,0
780051,2
494771,2
276685,0
458846,0
5049,1
966777,1
610678,0
821446,2
987377,-1
766106,-1
169484,1
260149,1
593061,1
734995,1
209613,1
626252,2
667510,1
743735,1
805447,1
323315,1
568282,2
637648,0
84755,1
755282,2
704830,1
396421,1
479893,1
959482,1
970686,-1
221268,1
144987,2
937007,1
325308,1
550486,0
583351,1
737106,1
6394,-1
867691,0
786510,0
157931,0
532896,1
826598,0
799476,1
776730,2
880076,1
278774,0
144722,2
821217,2
457259,1
39408,-1
464147,1
693720,1
401381,1
382649,2
327761,-1
999519,1
109855,2
139161,0
573474,-1
276329,1
191012,1
338409,2
598434,-1
318459,0
285434,1
296356,1
162435,-1
476311,-1
603693,1
909464,2
183481,1
749966,1
642063,0
191936,0
516300,1
201656,1
689131,-1
210664,1
715905,0
546018,1
316131,1
780104,1
941293,2
966698,0
331959,1
675148,1
495010,-1
785573,1
992003,1
292482,0
316399,1
207963,2
915900,1
656892,0
295105,2
36492,1
597849,1
473441,2
576935,2
840716,0
777967,1
974517,1
832211,1
423131,-1
836914,1
82167,1
969815,1
804703,0
457817,0
685085,1
646257,1
624130,1
582559,0
423169,1
657337,-1
88960,-1
269970,1
105374,1
482268,1
782859,0
592629,2
336497,2
57312,1
402798,1
324231,-1
58998,1
922240,-1
724277,-1
122922,0
592514,1
77165,1
468630,2
621373,2
398635,1
559697,2
214414,2
619976,0
455298,0
660578,0
643036,1
913457,1
287368,0
813930,1
307025,1
551415,1
689333,1
611269,0
935392,2
897868,1
236645,0
77481,1
618553,2
633595,1
655062,1
699074,2
195308,2
595210,1
945743,2
191854,1
987819,2
397016,1
308507,2
43551,2
240695,0
286168,-1
915509,1
869683,1
295238,-1
273952,1
584394,1
195900,-1
715663,0
851063,1
393719,1
285491,1
474768,2
988237,1
422929,1
531642,2
245695,2
879694,1
420847,-1
442565,1
232430,0
398214,2
394365,1
426338,2
330020,1
785007,2
972338,2
942593,0
961346,1
764846,0
669522,-1
319959,0
181107,1
408404,1
523048,-1
101999,0
172983,1
671524,2
849739,-1
346827,1
476615,1
895125,2
92275,1
784034,1
463466,-1
541545,2
229217,1
486638,1
318073,-1
238027,1
123946,-1
926635,1
957341,0
331416,2
912415,0
737710,1
123939,1
197071,1
355991,1
939791,2
35780,1
238540,2
578043,2
559830,1
663080,1
637989,1
609853,1
688250,2
573526,0
122197,1
698843,2
978695,1
276003,1
180966,0
640355,0
528396,1
838575,1
224086,1
25107,1
941017,0
83294,1
488157,2
280143,2
234739,2
580721,1
907765,1
556068,1
212700,2
353721,2
675982,1
339284,-1
191301,2
168885,1
732303,-1
793043,1
699639,-1
312517,-1
352208,1
266989,1
901063,0
675882,0
320560,2
245351,2
522325,2
703585,1
641049,1
45110,2
414797,0
269667,-1
242813,1
367599,2
654104,1
894232,1
287449,0
573969,1
573083,2
543358,2
672556,0
761778,2
790474,-1
576012,2
391509,2
766952,0
37858,0
703952,1
840146,0
317102,2
663313,2
350256,0
302864,1
950748,2
559829,1
316929,1
885671,2
926884,1
151033,1
956089,1
578319,0
502372,1
55085,-1
844569,2
657020,0
327419,1
774068,-1
215327,2
53274,2
165384,2
216655,0
895964,1
658815,2
392139,1
303725,1
95260,1
29266,1
941438,1
786762,1
687815,2
58178,1
892211,1
38872,1
6715,-1
115420,0
564035,-1
655450,0
536531,2
558684,1
521553,1
702061,1
270836,2
579324,0
186889,1
813889,2
864478,2
879657,2
748146,-1
273325,0
52520,2
620251,2
967986,2
255772,2
124459,1
778658,1
730026,2
524315,1
808795,1
410560,1
736913,1
585868,2
860621,1
911013,1
350251,2
583294,1
237397,2
810871,1
302920,1
826197,1
552138,0
948170,1
734002,1
381149,2
87066,2
393025,2
242100,1
73720,0
248576,1
757481,-1
949825,1
122392,-1
454520,-1
246599,1
587755,2
696011,-1
702158,1
577157,1
779146,1
361064,2
568478,1
293138,0
886852,1
641390,1
309204,2
861978,1
65678,-1
37161,1
44459,1
212306,1
15931,1
839468,1
206409,1
80465,2
902010,1
184219,1
45607,1
337771,1
89645,-1
414134,1
357355,0
783782,2
537334,2
818133,1
314957,2
793240,2
903549,2
505388,1
903516,-1
830608,1
708649,0
699265,-1
199279,1
423050,1
84479,1
692437,1
511157,0
134111,0
457774,1
444789,0
28139,1
532892,2
896668,1
807831,0
566437,-1
122276,1
330625,1
459982,2
37020,1
248792,2
67871,-1
818267,1
899530,1
598012,2
105391,0
734981,-1
194458,1
525857,1
299185,2
303968,1
623420,1
491902,0
405671,2
283285,2
314315,-1
342649,0
811594,1
877953,1
250020,2
482420,1
811970,1
410045,1
768287,-1
10140,1
381026,-1
824589,0
566239,2
168376,2
925405,1
175224,2
761939,0
701364,2
634818,1
691110,-1
386807,2
885006,1
486755,2
335914,1
961423,0
48070,1
86376,0
857017,1
70184,2
808139,-1
348386,2
924242,1
686843,-1
49160,2
302490,2
183669,2
945556,2
664348,1
556462,2
643411,1
428375,1
855864,1
566490,1
830535,2
382,2
373785,1
734921,1
171713,1
556800,1
88973,-1
658337,-1
4709,1
877084,2
445620,2
270537,1
703375,1
46873,0
899754,0
795861,1
812551,2
535591,0
80055,-1
570775,1
607294,2
346257,-1
834872,1
214043,1
613413,0
1960,1
591346,1
716050,1
449744,1
746121,1
576177,1
742262,-1
603256,1
995594,1
491003,1
258024,1
132811,2
739061,2
515952,1
622935,1
448716,2
357570,0
459647,2
694067,2
342342,-1
458106,1
943571,1
592617,0
847809,1
676499,1
393921,2
307201,2
814178,1
33055,0
316616,2
246745,2
28308,1
793207,1
334667,1
805610,1
747215,1
124201,1
360821,-1
461119,2
301741,1
491775,1
930852,-1
208706,2
54869,1
62066,1
10993,1
629210,2
483522,2
810782,-1
801097,0
117955,0
857587,1
756775,1
886329,1
629213,2
130697,1
412538,-1
34139,0
149935,1
813785,1
74650,2
465837,0
353152,1
331104,-1
56069,2
723413,2
243069,2
482844,0
516277,2
634035,1
331193,0
474759,1
488620,0
839352,2
391234,0
313648,2
659109,1
662221,-1
296437,2
193971,1
787920,1
535511,1
769581,2
349431,2
929265,1
795123,0
155398,1
725497,1
235678,-1
369892,1
989976,1
685160,2
345451,1
875429,-1
588854,1
398409,1
142668,1
868078,0
449764,1
194389,1
465891,1
861701,1
668682,-1
859322,1
397319,1
662170,2
447574,1
550614,1
434903,-1
939644,-1
629964,1
822224,1
372060,1
575133,2
996535,2
627536,1
773818,0
943559,-1
910094,1
40552,1
949845,0
893456,2
799680,1
478024,1
249709,1
815643,2
10542,-1
313029,2
551318,-1
682768,-1
541054,2
921977,2
40585,-1
2551,0
3449,1
306708,-1
33638,0
340490,1
371368,1
403307,0
443723,-1
917808,1
109773,1
964844,1
875387,1
807641,1
190559,1
929097,0
216996,-1
305367,1
560286,1
643108,1
991972,1
65425,1
336322,0
126840,1
66121,1
619287,0
124378,1
587313,2
447439,1
699344,-1
700265,2
201084,0
787460,1
772476,1
999493,-1
649075,-1
754715,2
20118,0
606310,0
629888,0
138102,1
966636,1
260253,1
837801,1
411449,2
46829,2
422748,1
703922,1
329328,1
604545,1
194969,-1
386862,-1
778479,0
25665,1
587685,1
154455,2
810205,2
429754,1
497142,1
332117,1
689977,2
15344,2
348067,1
445232,1
110434,1
23501,2
745898,0
348993,0
86112,1
847851,1
609103,1
839077,2
257291,1
529894,1
589853,2
916547,2
479855,1
715783,2
764927,0
784447,1
862004,0
788502,0
905470,2
59972,1
558929,2
749131,2
33039,1
692983,2
456800,1
167743,2
206677,1
76347,1
975857,0
900572,1
776019,2
315754,1
618247,1
854472,1
767416,2
824297,1
226628,2
384950,1
470743,1
628227,1
569901,2
183605,1
39796,1
967810,2
842975,1
829262,1
43283,2
263778,-1
544747,2
160865,1
870306,2
317941,2
242541,1
264786,1
502689,0
175518,1
966995,1
58075,1
936594,2
945413,2
956383,1
796714,1
994587,2
855668,0
632029,1
99436,1
498187,1
459281,1
314913,2
343021,2
761759,1
9180,1
118420,2
144978,2
259239,1
597539,1
803311,1
678530,0
738379,1
784916,2
723261,2
520511,2
318150,1
347280,2
658258,1
834309,2
742929,1
957353,1
892508,1
629115,1
45783,2
374554,2
533692,2
239498,-1
31211,0
236762,0
499387,1
372368,1
264138,1
76328,0
114951,1
814831,2
268297,1
87226,1
145525,2
742467,1
733277,1
556429,1
984662,2
863695,2
718856,1
556202,1
458662,0
4008,1
65794,1
308686,2
77619,1
986237,1
536921,1
327880,-1
519276,1
344602,1
369696,0
183392,0
21776,2
103782,2
395442,1
528923,1
203021,1
210803,2
244909,2
201132,-1
333838,1
242928,1
549548,2
971087,2
198173,2
507787,-1
744350,2
989276,1
464956,1
825104,2
893902,2
790917,1
939067,0
44875,2
725908,2
162327,1
857432,1
512973,1
665155,2
481258,1
101492,2
282384,1
563804,-1
380930,0
63274,2
796774,2
642040,0
500526,1
671048,1
486218,1
511422,1
165759,-1
645301,0
710223,-1
990571,2
569637,0
721243,2
548509,2
274643,1
695145,1
255777,1
593154,0
502769,2
599372,2
579198,-1
174276,1
952316,2
146567,2
519007,1
497620,1
83071,2
316882,-1
441233,0
534393,1
313809,1
515011,1
53376,1
449332,1
358684,1
910878,1
683328,-1
632209,1
63394,1
258494,1
17146,1
113406,-1
791872,2
30382,1
468651,1
807521,1
844696,1
37056,0
697676,2
108031,-1
863487,2
550647,1
872306,2
368994,2
987129,2
293586,1
659119,0
489550,0
688476,2
557113,-1
458344,1
343594,0
423020,1
3462,1
256331,2
182779,1
726997,0
839310,1
366691,0
793782,1
761451,2
529987,2
880139,1
907108,0
95023,1
340565,1
313583,1
91110,1
674536,1
725981,0
791988,0
10750,0
70886,1
568043,1
148204,2
955877,1
710384,1
700357,-1
403622,1
379890,1
214790,1
673915,1
599658,1
514363,1
12212,1
37585,1
269742,2
561455,0
233339,2
734564,1
152162,1
652743,1
842866,1
829108,1
427747,2
385763,1
867962,1
584277,0
977469,0
4565,1
596205,0
106146,1
194447,1
935981,2
382689,-1
877209,1
951367,1
886593,1
413497,1
168716,2
779455,1
209806,-1
556990,1
55922,1
393562,2
980856,1
921808,2
463431,0
574520,0
116121,0
43620,0
941858,1
977028,2
127189,1
997627,0
146296,2
68755,2
969351,1
666496,1
742828,1
594821,1
248163,1
212783,2
530408,-1
271077,2
29116,0
97327,1
103934,1
5281,-1
966764,1
833394,1
769034,1
427885,1
101015,-1
135053,0
445073,2
594718,1
485337,0
652031,1
295823,2
898107,2
621822,0
593768,1
724899,0
87739,1
830073,1
142961,1
61106,-1
221043,2
696913,0
295268,1
753928,1
649950,1
238297,1
265204,1
19559,1
305511,1
992050,1
346418,0
82564,1
212312,1
150821,2
680282,1
711087,-1
883893,1
360801,1
578270,1
788765,2
684593,2
177297,1
658714,1
946725,1
935871,2
453781,1
370318,1
702503,-1
278400,1
944133,1
647470,1
475065,1
592615,2
579070,-1
134505,2
642708,1
167603,2
555272,1
743195,1
959807,1
217024,1
443267,1
397017,1
596814,0
533952,1
800696,0
112363,1
988128,0
759592,-1
684206,0
159362,2
246328,1
304396,2
54264,1
908329,2
849716,2
424570,1
133226,2
624182,2
847038,1
534999,1
514432,0
489534,1
417355,1
714692,2
250868,2
192977,1
645212,0
903171,0
214224,-1
332795,1
230188,1
957788,1
102140,1
574414,1
471592,1
782767,2
151657,2
324578,-1
999173,1
741669,1
934059,1
219327,1
640084,1
865195,1
577052,1
507163,0
408984,1
639773,1
479385,2
169503,1
110462,2
251179,1
969955,1
933588,0
365700,2
267452,2
797195,1
280489,1
149414,0
942202,0
603517,1
326443,-1
292224,0
521526,1
960021,1
806425,1
231162,1
568815,-1
966665,2
360405,2
495872,1
320667,2
66860,1
581466,1
248539,1
108857,1
644838,0
474280,2
787055,-1
277933,1
273967,0
556307,1
807648,0
51870,0
94877,1
116574,1
399562,2
730487,1
951265,0
926505,1
170438,0
372720,1
591257,1
165101,2
152577,1
288444,1
57552,2
643771,1
958204,1
320134,1
210202,1
120685,1
326563,1
265061,1
764221,1
177961,0
106628,2
282903,2
981255,-1
697050,1
699241,2
646970,2
695251,2
832086,1
152329,2
561889,-1
590212,1
914020,1
675260,1
307271,1
738307,1
670025,1
140016,1
973171,2
732909,1
153191,1
716583,-1
422296,0
293089,1
134300,1
892921,2
465699,1
609512,2
580483,1
176298,2
884073,1
172648,1
395722,0
351392,0
721553,1
681784,1
385663,0
844602,0
888673,1
976202,0
846688,2
954728,1
618950,1
762599,0
539961,1
550361,2
407571,0
656096,2
378318,1
967793,1
75392,1
177800,1
408225,1
680118,1
297379,0
527068,0
434966,1
900632,2
130158,0
341406,1
522679,2
483207,2
221942,1
587012,2
441095,2
536195,0
43396,1
991333,1
542338,1
966161,1
209660,2
653577,1
357971,1
407024,1
94220,0
638817,1
194215,1
856259,1
614917,1
621121,1
278551,1
106543,0
637263,2
868154,0
928749,2
311979,1
299209,1
838786,1
740050,1
618306,2
125116,1
943217,1
556335,0
522328,1
708449,1
76467,1
713495,2
317157,1
874864,0
769447,2
723661,1
169776,1
341817,-1
279315,2
56671,1
586033,0
424489,1
670559,1
813882,1
743424,1
998561,1
35843,-1
148459,2
141814,1
899926,1
66867,1
249425,1
827222,0
933298,1
717876,1
76495,1
170533,1
278,-1
614316,1
215952,-1
486044,1
565883,-1
333596,2
774118,2
759320,1
729321,2
734928,0
996973,2
263240,2
967543,1
88271,1
51682,2
765829,1
526501,0
538022,1
464819,1
743385,-1
352378,2
896685,1
344913,-1
103328,2
317955,1
323535,1
884118,1
907600,2
319388,2
94543,0
906238,1
166594,0
498008,0
20718,-1
137232,0
576299,0
213588,1
745401,-1
490678,1
407623,1
57607,2
874698,1
708834,2
698181,0
789444,0
846358,0
726457,0
721486,2
85593,1
612031,2
338459,1
11187,1
64779,-1
257851,1
222681,1
85769,2
491695,2
69652,1
978637,1
194315,0
842272,2
566358,0
836624,1
896889,1
928128,1
32619,1
4454,0
300730,1
462746,-1
18230,2
762818,2
786587,1
709164,2
310079,0
300903,1
311755,2
52324,1
756349,2
360063,-1
679442,0
121576,1
491908,1
660702,1
728978,1
849682,1
548683,0
277746,2
912506,2
261231,2
481398,0
529619,1
864134,1
764226,2
257799,1
366010,1
578643,2
857669,1
478994,-1
673788,2
836471,1
5195,1
744071,0
819993,1
105033,1
577219,0
451731,-1
839701,2
873740,2
103273,1
829729,0
687709,1
975580,2
992939,0
755969,1
425274,1
449925,-1
673834,1
242524,2
699239,1
964461,-1
189638,1
440494,2
286814,1
947754,1
611158,2
930418,1
881582,-1
321503,1
978268,2
90863,2
461856,1
159752,2
893413,0
97582,1
70433,-1
54251,1
202195,1
410018,2
505784,2
273223,1
886247,1
938271,1
943867,-1
131809,1
617622,1
377222,0
477261,0
640045,1
965900,2
19444,1
359565,0
608805,1
232495,1
123701,0
817217,1
635161,1
247020,2
617451,2
938781,1
30759,0
705452,1
349996,0
119394,-1
896443,1
719233,2
607289,1
303795,2
123568,0
287032,1
914400,0
24611,1
441152,2
100465,2
257636,2
587932,2
323729,0
50830,2
599546,1
552116,1
878865,0
494211,2
803869,1
882581,2
535734,1
995446,2
318172,1
51166,2
801017,0
447285,-1
735991,-1
100505,1
72085,1
844827,0
204185,0
135358,0
265254,1
426503,2
226392,1
829793,1
822833,0
613321,1
789678,2
167452,2
134392,1
761645,2
265477,-1
456308,1
928781,-1
488311,1
637257,1
398134,-1
291255,2
636686,1
691251,1
717856,1
921344,1
16525,1
738565,2
114799,1
64363,-1
349755,1
709627,1
896596,1
126674,2
20322,2
344127,-1
380343,0
431495,2
666836,2
979256,1
522596,1
922437,0
936407,2
177547,1
854940,1
219086,0
285478,0
376394,1
278668,2
803944,1
919590,1
671551,1
944137,2
794925,-1
756835,1
485914,1
60176,1
45335,2
155423,0
777221,1
302729,1
270476,2
564907,0
868071,1
511137,0
765166,-1
686589,0
179460,2
979548,0
161158,0
122086,1
242717,0
820265,1
301262,2
548778,-1
50847,1
816109,2
529955,1
223003,-1
306003,1
670436,1
927913,1
797806,1
518697,1
320211,1
312148,2
703919,1
951694,1
78201,1
178353,1
856674,1
88796,0
763171,1
961797,1
331941,2
61059,-1
228395,-1
906839,0
796076,2
550181,0
584668,1
858574,1
397634,2
774584,-1
376780,2
571842,-1
598952,0
251053,0
156160,-1
209792,1
623700,1
386349,1
975607,1
710461,1
414286,1
504386,1
615210,2
686504,0
201360,1
477876,2
857523,1
65576,1
311290,0
354703,1
713717,-1
3484,2
333986,2
433077,1
987845,0
487343,0
389631,2
349078,-1
110116,-1
853938,2
280471,2
528472,1
148108,1
344553,1
916759,0
259516,0
961234,1
423634,1
857805,2
397365,2
857555,1
989563,2
288858,1
29623,1
296324,2
195452,1
89006,-1
685999,0
953360,1
398016,1
23380,0
858247,1
251406,1
892567,1
544308,1
736038,1
788588,2
422746,1
839256,-1
151320,-1
306785,0
847300,2
992698,0
659398,0
147593,1
145217,1
223963,2
810561,1
291291,-1
703836,2
211575,0
238579,2
210624,1
819555,-1
558154,1
592357,2
276482,1
673932,0
995721,-1
592147,2
773618,2
684165,2
350641,2
87764,1
272814,1
435767,0
62657,1
296443,1
263147,-1
671827,-1
928178,1
467586,1
755440,2
254496,-1
460932,1
147670,1
569718,1
643831,2
886969,1
232075,1
109532,1
468568,0
4936,0
203154,1
27673,2
129667,1
98126,1
279960,-1
417611,2
179502,1
649846,0
972392,1
690263,1
844854,0
64801,1
725765,1
500151,1
137665,-1
327170,1
737240,2
835581,1
975161,-1
76414,1
957883,2
946476,2
933294,2
854047,0
117233,2
270551,1
65083,1
202684,0
64863,2
390621,1
149562,1
292543,2
263451,-1
40122,1
573893,0
774671,2
879851,0
86848,-1
397160,1
475194,1
637080,1
740039,2
925132,1
629995,-1
687834,1
869772,1
762016,1
926397,1
647788,1
562390,1
535086,1
424682,1
877815,2
696873,1
475889,1
31358,2
378750,2
444206,0
608581,2
728954,1
957113,-1
801794,1
518225,2
358103,1
680249,-1
330131,-1
639079,1
568837,-1
674514,2
408712,0
751683,1
83788,2
870105,-1
506017,0
990787,-1
249793,0
500428,1
474046,0
285709,1
738823,1
713163,0
254402,1
784922,2
172957,1
152465,2
808051,1
485595,-1
907857,2
976351,-1
890487,1
22342,-1
793794,1
397069,1
696234,1
446222,1
421398,2
133429,1
906252,2
414092,2
921186,2
73317,1
750866,1
404488,1
217262,1
82084,1
178765,1
856902,2
128311,0
28674,1
622104,0
530054,1
381560,1
98355,1
740344,1
138808,1
170089,1
226215,0
423833,1
369913,2
95896,0
97840,0
89084,0
239009,-1
366412,2
851148,1
474593,1
633845,1
51545,1
278633,2
39361,0
221510,2
66321,2
66661,0
613615,2
942704,1
15587,1
353103,1
271735,0
159461,1
807877,2
934854,2
409387,1
203644,-1
635192,1
772176,1
227248,-1
319106,0
128668,1
731220,1
311826,2
808440,1
615105,-1
723926,-1
582734,1
520223,2
858352,2
606234,2
276096,-1
254986,1
381775,1
592526,1
230347,1
61228,-1
819339,2
995982,2
727863,-1
186751,2
964719,-1
125624,1
344973,2
949789,1
599330,2
265518,1
298147,1
226325,2
239874,2
301650,2
157290,1
345248,1
137668,1
387140,1
393316,2
940665,2
206952,1
541428,0
886796,2
546374,2
922849,1
857364,0
528773,1
348027,2
534413,2
447525,1
607037,1
136714,2
698954,0
496231,1
112559,1
746719,1
56423,0
111610,1
59106,2
324423,2
903495,0
522578,1
330418,2
170036,-1
811734,1
336133,2
61446,1
286684,2
86718,2
378434,2
95056,1
157217,2
678843,2
131307,1
531053,2
947694,1
759959,1
976235,1
772212,2
869188,1
7256,0
910026,1
970748,1
960297,-1
487259,1
2648,1
93493,2
320569,-1
435902,1
24812,1
709950,0
191870,1
544288,1
599634,1
948396,2
628855,-1
219705,1
76369,0
209707,1
529193,1
488505,0
649995,1
328227,2
734220,1
569724,1
617157,1
835618,2
497694,1
6641,1
791125,2
479666,-1
232716,0
786460,1
492966,1
885363,1
346906,1
295934,-1
650486,-1
958263,1
939823,2
69802,0
264749,1
744004,0
903111,1
464048,0
353129,1
781817,2
105244,1
899313,2
421940,0
651955,-1
966826,2
277192,1
557101,2
16077,2
788753,1
636671,1
209113,1
17873,2
263873,2
818047,2
274518,0
137245,1
210901,2
452172,0
814366,0
212158,2
90901,1
143454,-1
761556,1
505773,1
601972,1
74231,2
815985,2
481732,1
627871,1
594469,-1
350756,2
269893,2
6511,1
436306,1
780075,2
143536,2
635339,2
904919,1
775083,2
201705,1
71322,1
718755,1
355397,2
7480,2
676361,1
27930,1
689435,1
6365,1
117872,1
303319,1
758069,1
519052,2
173245,1
906749,0
9631,1
186664,1
818801,1
610128,1
200984,1
946451,1
588728,0
132012,0
746803,2
684358,2
180750,1
997932,1
291282,1
865532,2
937154,2
272540,1
28014,1
54105,1
677318,2
142298,1
546152,-1
131990,1
930247,2
405814,0
849259,2
970178,2
775969,1
251906,0
209894,2
82633,0
216329,1
147245,2
375068,2
432029,0
681008,1
985356,1
83642,0
924379,1
474657,1
966145,-1
943890,1
226367,0
60192,1
893971,1
418543,0
13358,1
520619,2
321598,1
741056,1
936461,2
143146,-1
535965,-1
281202,1
165837,-1
613580,1
446237,1
897909,1
35072,2
334267,-1
150295,-1
414005,1
691449,0
586333,2
805955,1
994946,1
535234,0
990339,1
245539,0
142285,1
471258,-1
181421,0
804056,1
250453,0
422794,-1
896160,2
493299,1
579107,1
853420,1
661565,2
373413,0
962094,2
41812,2
504594,1
507593,0
210061,2
287454,1
536194,1
814693,-1
400723,2
397613,-1
609991,1
343360,1
519580,2
631971,1
468411,2
239916,0
937873,1
562422,1
422498,2
88056,2
370179,1
729780,1
758644,2
965567,1
327049,1
973414,1
109041,1
457236,1
703005,2
666461,2
200379,1
800041,0
645036,1
888342,0
308411,1
896890,2
346042,0
211349,1
719119,2
599794,0
710238,2
654615,1
744157,2
68991,0
62494,1
119981,1
858023,-1
470649,1
824428,1
499614,1
382254,1
927245,1
63744,1
175662,1
808354,-1
859015,2
22385,2
245056,2
237976,-1
884803,2
107153,2
467496,2
935108,-1
835385,2
345228,1
656751,2
64369,1
822812,1
893774,1
300949,1
368266,1
762993,0
364409,1
165076,2
845006,2
482039,0
934736,1
964388,2
57305,0
955294,-1
64942,-1
339722,2
804326,1
196186,1
945210,1
910005,1
256047,1
684487,1
596984,0
100902,1
555448,2
972459,1
925684,1
331377,2
326789,1
649869,1
447927,2
162757,2
121988,-1
876900,2
428436,1
980099,0
469400,2
69303,2
901450,1
469091,2
107745,0
759608,1
105104,2
937094,2
505536,1
166852,1
955751,0
297133,1
840457,1
246498,1
453796,2
752359,2
680137,1
651615,2
34294,2
566577,2
546774,2
672130,2
180963,2
894127,0
818501,1
57049,-1
480533,1
249370,1
175803,1
390055,0
797992,0
720945,1
538702,2
526631,-1
233659,0
288602,1
810965,1
111100,1
528758,2
564829,2
538223,0
39918,-1
128542,0
110687,1
198596,2
64585,1
586728,1
223741,1
753397,2
290174,1
542214,2
372837,2
288012,1
94780,1
964126,2
869801,2
366133,1
702070,2
407850,2
681790,0
528548,1
830318,1
720943,0
355391,2
910133,-1
644426,0
892393,2
147139,0
242092,-1
337513,-1
442543,1
331242,0
697685,1
238142,2
639271,0
390876,2
892822,-1
368716,1
391611,1
26366,1
830437,0
213126,1
421994,1
585939,1
475433,2
481193,1
388001,1
721285,2
395050,1
577469,0
211607,2
574907,2
805807,1
661405,2
767832,1
851400,1
726350,0
826614,1
821952,1
468095,1
225454,-1
937705,1
346504,2
372790,1
715616,2
281080,0
361431,0
434867,1
425309,2
698813,2
615023,1
641,1
937551,1
133842,1
252814,-1
575434,1
242013,1
206664,1
399851,0
104630,1
237325,2
814076,2
438092,1
902087,0
845881,1
93753,2
746802,1
545644,2
494858,0
744232,1
518375,2
673188,0
650394,1
579240,1
283548,1
964677,1
733088,0
795451,1
189822,1
554376,1
83587,1
77193,2
802848,2
258627,1
665792,2
322201,1
23535,1
630135,1
848949,1
802178,1
203862,-1
239658,2
456223,0
586979,1
474632,1
651329,0
889489,1
725388,1
477844,1
376894,2
402248,1
310164,1
130849,1
374093,1
481749,1
463808,1
288000,1
845217,1
757316,-1
262230,-1
167856,0
215975,1
182510,2
396184,1
449083,1
627919,2
944107,1
314291,1
907344,1
380697,1
374602,1
568728,0
32358,1
358751,2
601169,2
563515,2
825374,-1
401164,1
269512,2
736903,1
665185,2
703493,1
649176,1
89747,1
801434,2
750936,2
62996,2
197941,1
931726,0
999411,1
166179,1
415347,1
703334,0
535633,1
848046,1
26885,1
656503,2
876235,1
253058,1
335901,2
486930,1
519709,1
751553,1
15916,0
876083,-1
549489,1
484787,1
339205,-1
293922,1
716370,1
121979,1
355364,-1
652890,0
736209,2
506571,0
874194,-1
24852,1
960566,1
932863,0
329246,2
339552,1
175017,1
605037,0
910328,2
379922,1
620027,2
798220,1
378654,1
90310,1
660044,0
143190,1
350310,1
743542,1
66186,1
772331,1
205514,2
743938,1
534691,-1
52110,1
179889,1
921175,1
516392,2
967962,1
8838,1
192236,1
212983,0
203985,1
710768,1
524220,0
750797,-1
964888,-1
969489,1
178619,1
704138,0
132174,1
46263,0
817449,1
870810,1
233755,1
609080,1
981674,1
417942,1
992917,1
84796,2
346872,1
631393,1
340881,2
216823,1
182348,1
567946,1
141268,1
684612,2
687469,1
702863,-1
286035,1
284067,1
458157,1
834117,0
255010,2
797499,2
646377,1
940776,-1
195519,1
993798,1
364112,1
197836,1
245546,0
365759,2
896324,2
351010,2
502504,2
332354,2
484950,1
37265,2
202025,0
886374,1
180486,1
687405,1
298447,1
9338,1
982971,2
328782,1
208788,2
477780,0
941588,1
576611,0
947570,1
997910,1
74986,1
496365,0
502482,2
961810,-1
94242,2
183339,1
780613,-1
658499,1
144485,1
485804,-1
265961,2
974437,1
430035,1
906357,1
327332,1
460921,2
493471,-1
16241,1
58712,1
816270,2
910551,1
771337,1
573204,1
367907,1
372518,0
639437,1
474666,1
648482,2
143860,2
114275,2
358451,1
576988,0
346022,1
533375,1
887942,1
643526,1
435200,1
73621,0
430733,1
187712,1
216777,1
236330,1
615817,2
279661,2
515797,0
846929,-1
927705,1
337882,0
651214,-1
751056,1
248125,2
659759,2
44797,-1
798117,1
638313,1
204555,-1
540417,1
352057,2
799088,1
934720,1
529609,1
358662,-1
704245,0
932974,2
531048,0
71743,1
767345,1
530839,2
815047,1
128752,1
39654,1
132905,2
116459,1
165532,1
502758,0
284295,0
29769,1
818671,1
201465,1
663088,-1
184683,2
281280,0
496917,1
229445,1
906993,1
734003,1
970888,1
75892,-1
829171,1
487955,1
127968,1
274632,-1
731069,1
221632,1
769168,1
641285,1
454883,1
821566,0
314629,2
82988,0
696785,1
797805,1
525201,0
599152,2
466357,0
191679,2
777617,0
3581,0
176471,2
188510,1
852019,2
687573,1
1499,1
687976,0
815050,1
670948,1
321255,1
683149,2
157906,1
723426,1
977979,0
693058,1
917095,1
197950,2
812383,1
122505,0
913830,2
286098,1
76092,0
544534,2
370160,0
527515,2
617472,1
177127,2
173098,1
328325,1
443275,2
662169,1
745784,1
877890,1
129486,1
57431,0
184494,2
653677,1
77414,-1
766841,1
340443,2
331063,1
560136,-1
791454,1
804182,2
996054,1
997577,1
678955,2
146227,0
299148,1
964213,2
703910,2
651805,2
360112,2
554929,0
460850,-1
266567,0
988459,0
54960,1
262128,1
390911,1
663234,1
207607,0
166012,2
215025,2
819232,1
738464,0
152114,1
812759,-1
249602,2
802862,1
713304,1
577367,-1
491349,1
652650,0
967930,-1
900531,-1
869994,-1
677812,1
576783,1
401607,2
935016,1
743175,1
966359,1
208243,0
332009,0
486157,1
343615,1
462164,1
407405,-1
931719,1
642445,0
940529,0
693850,2
846956,1
999669,1
256463,1
37534,2
930321,1
495749,1
363368,1
482774,2
968706,2
984473,1
537348,1
511380,2
74611,-1
714843,-1
83398,2
953071,2
644182,0
636836,1
591233,2
479785,-1
366080,1
86880,1
285987,1
560727,1
248082,0
53406,1
152769,1
953075,1
798231,1
596716,2
496433,1
68652,1
415102,2
247580,1
739680,2
467608,1
120848,1
799462,0
580292,1
943835,0
990402,0
955360,2
947963,1
784748,1
502914,1
365296,1
158992,1
471246,1
345671,2
687199,-1
321723,0
174439,1
442391,1
750827,2
171801,1
165677,0
563428,1
464821,1
116432,1
204331,0
644706,0
305351,2
731500,1
17208,0
19337,0
8755,1
133797,2
255140,1
627021,1
914045,1
763365,2
655183,1
773911,1
411123,2
125139,1
647348,2
335490,1
660005,2
612647,0
53118,2
402290,0
954816,1
285572,2
682172,1
229711,2
17840,0
959088,-1
638708,1
940588,1
288271,1
961513,2
46205,0
27319,1
634943,2
895714,1
875167,1
78329,1
867455,0
470892,1
